0.0000,0.0000,0.0000,0.0000,0.0000,0.0000,0.0000,0.0000,0.0000,0.0000,0.0000,0.0000,0.0000,0.0000,0.0000,0.0000
-0.0101,0.0000,-0.0130,0.0000,0.0000,0.0000,0.0000,0.0000,0.0000,0.0000,0.0000,0.0000,0.0000,0.0000,0.0000,0.0000
-0.0201,0.0000,-0.0260,0.0000,0.0000,0.0000,0.0000,0.0000,0.0000,0.0000,0.0000,0.0000,0.0000,0.0000,0.0000,0.0000
-0.0302,0.0000,-0.0390,0.0000,0.0000,0.0000,0.0000,0.0000,0.0000,0.0000,0.0000,0.0000,0.0000,0.0000,0.0000,0.0000
-0.0402,0.0000,-0.0519,0.0000,0.0000,0.0000,0.0000,0.0000,0.0000,0.0000,0.0000,0.0000,0.0000,0.0000,0.0000,0.0000
-0.0503,0.0000,-0.0649,0.0000,0.0000,0.0000,0.0000,0.0000,0.0000,0.0000,0.0000,0.0000,0.0000,0.0000,0.0000,0.0000
-0.0603,0.0000,-0.0779,0.0000,0.0000,0.0000,0.0000,0.0000,0.0000,0.0000,0.0000,0.0000,0.0000,0.0000,0.0000,0.0000
-0.0704,0.0000,-0.0909,0.0000,0.0000,0.0000,0.0000,0.0000,0.0000,0.0000,0.0000,0.0000,0.0000,0.0000,0.0000,0.0000
-0.0804,0.0000,-0.1039,0.0000,0.0000,0.0000,0.0000,0.0000,0.0000,0.0000,0.0000,0.0000,0.0000,0.0000,0.0000,0.0000
-0.0905,0.0000,-0.1169,0.0000,0.0000,0.0000,0.0000,0.0000,0.0000,0.0000,0.0000,0.0000,0.0000,0.0000,0.0000,0.0000
-0.1005,0.0000,-0.1299,0.0000,0.0000,0.0000,0.0000,0.0000,0.0000,0.0000,0.0000,0.0000,0.0000,0.0000,0.0000,0.0000
-0.1005,0.0000,-0.1299,0.0000,0.0000,0.0000,0.0000,0.0000,0.0000,0.0000,0.0000,0.0000,0.0000,0.0000,0.0000,0.0000
-0.1106,0.0000,-0.1429,0.0000,0.0000,0.0000,0.0000,0.0000,0.0000,0.0000,0.0000,0.0000,0.0000,0.0000,0.0000,0.0000
-0.1206,0.0000,-0.1558,0.0000,0.0000,0.0000,0.0000,0.0000,0.0000,0.0000,0.0000,0.0000,0.0000,0.0000,0.0000,0.0000
-0.1307,0.0000,-0.1688,0.0000,0.0000,0.0000,0.0000,0.0000,0.0000,0.0000,0.0000,0.0000,0.0000,0.0000,0.0000,0.0000
-0.1407,0.0000,-0.1818,0.0000,0.0000,0.0000,0.0000,0.0000,0.0000,0.0000,0.0000,0.0000,0.0000,0.0000,0.0000,0.0000
-0.1508,0.0000,-0.1948,0.0000,0.0000,0.0000,0.0000,0.0000,0.0000,0.0000,0.0000,0.0000,0.0000,0.0000,0.0000,0.0000
-0.1608,0.0000,-0.2078,0.0000,0.0000,0.0000,0.0000,0.0000,0.0000,0.0000,0.0000,0.0000,0.0000,0.0000,0.0000,0.0000
-0.1709,0.0000,-0.2208,0.0000,0.0000,0.0000,0.0000,0.0000,0.0000,0.0000,0.0000,0.0000,0.0000,0.0000,0.0000,0.0000
-0.1809,0.0000,-0.2338,0.0000,0.0000,0.0000,0.0000,0.0000,0.0000,0.0000,0.0000,0.0000,0.0000,0.0000,0.0000,0.0000
-0.1910,0.0000,-0.2468,0.0000,0.0000,0.0000,0.0000,0.0000,0.0000,0.0000,0.0000,0.0000,0.0000,0.0000,0.0000,0.0000
-0.2010,0.0000,-0.2597,0.0000,0.0000,0.0000,0.0000,0.0000,0.0000,0.0000,0.0000,0.0000,0.0000,0.0000,0.0000,0.0000
-0.2010,0.0000,-0.2597,0.0000,0.0000,0.0000,0.0000,0.0000,0.0000,0.0000,0.0000,0.0000,0.0000,0.0000,0.0000,0.0000
-0.2111,0.0000,-0.2727,0.0000,0.0000,0.0000,0.0000,0.0000,0.0000,0.0000,0.0000,0.0000,0.0000,0.0000,0.0000,0.0000
-0.2211,0.0000,-0.2857,0.0000,0.0000,0.0000,0.0000,0.0000,0.0000,0.0000,0.0000,0.0000,0.0000,0.0000,0.0000,0.0000
-0.2312,0.0000,-0.2987,0.0000,0.0000,0.0000,0.0000,0.0000,0.0000,0.0000,0.0000,0.0000,0.0000,0.0000,0.0000,0.0000
-0.2412,0.0000,-0.3117,0.0000,0.0000,0.0000,0.0000,0.0000,0.0000,0.0000,0.0000,0.0000,0.0000,0.0000,0.0000,0.0000
-0.2513,0.0000,-0.3247,0.0000,0.0000,0.0000,0.0000,0.0000,0.0000,0.0000,0.0000,0.0000,0.0000,0.0000,0.0000,0.0000
-0.2613,0.0000,-0.3377,0.0000,0.0000,0.0000,0.0000,0.0000,0.0000,0.0000,0.0000,0.0000,0.0000,0.0000,0.0000,0.0000
-0.2714,0.0000,-0.3507,0.0000,0.0000,0.0000,0.0000,0.0000,0.0000,0.0000,0.0000,0.0000,0.0000,0.0000,0.0000,0.0000
-0.2815,0.0000,-0.3636,0.0000,0.0000,0.0000,0.0000,0.0000,0.0000,0.0000,0.0000,0.0000,0.0000,0.0000,0.0000,0.0000
-0.2915,0.0000,-0.3766,0.0000,0.0000,0.0000,0.0000,0.0000,0.0000,0.0000,0.0000,0.0000,0.0000,0.0000,0.0000,0.0000
-0.3016,0.0000,-0.3896,0.0000,0.0000,0.0000,0.0000,0.0000,0.0000,0.0000,0.0000,0.0000,0.0000,0.0000,0.0000,0.0000
-0.3016,0.0000,-0.3896,0.0000,0.0000,0.0000,0.0000,0.0000,0.0000,0.0000,0.0000,0.0000,0.0000,0.0000,0.0000,0.0000
-0.3116,0.0000,-0.4026,0.0000,0.0000,0.0000,0.0000,0.0000,0.0000,0.0000,0.0000,0.0000,0.0000,0.0000,0.0000,0.0000
-0.3217,0.0000,-0.4156,0.0000,0.0000,0.0000,0.0000,0.0000,0.0000,0.0000,0.0000,0.0000,0.0000,0.0000,0.0000,0.0000
-0.3317,0.0000,-0.4286,0.0000,0.0000,0.0000,0.0000,0.0000,0.0000,0.0000,0.0000,0.0000,0.0000,0.0000,0.0000,0.0000
-0.3418,0.0000,-0.4416,0.0000,0.0000,0.0000,0.0000,0.0000,0.0000,0.0000,0.0000,0.0000,0.0000,0.0000,0.0000,0.0000
-0.3518,0.0000,-0.4546,0.0000,0.0000,0.0000,0.0000,0.0000,0.0000,0.0000,0.0000,0.0000,0.0000,0.0000,0.0000,0.0000
-0.3619,0.0000,-0.4675,0.0000,0.0000,0.0000,0.0000,0.0000,0.0000,0.0000,0.0000,0.0000,0.0000,0.0000,0.0000,0.0000
-0.3719,0.0000,-0.4805,0.0000,0.0000,0.0000,0.0000,0.0000,0.0000,0.0000,0.0000,0.0000,0.0000,0.0000,0.0000,0.0000
-0.3820,0.0000,-0.4935,0.0000,0.0000,0.0000,0.0000,0.0000,0.0000,0.0000,0.0000,0.0000,0.0000,0.0000,0.0000,0.0000
-0.3920,0.0000,-0.5065,0.0000,0.0000,0.0000,0.0000,0.0000,0.0000,0.0000,0.0000,0.0000,0.0000,0.0000,0.0000,0.0000
-0.4021,0.0000,-0.5195,0.0000,0.0000,0.0000,0.0000,0.0000,0.0000,0.0000,0.0000,0.0000,0.0000,0.0000,0.0000,0.0000
-0.4021,0.0000,-0.5195,0.0000,0.0000,0.0000,0.0000,0.0000,0.0000,0.0000,0.0000,0.0000,0.0000,0.0000,0.0000,0.0000
-0.4121,0.0000,-0.5325,0.0000,0.0000,0.0000,0.0000,0.0000,0.0000,0.0000,0.0000,0.0000,0.0000,0.0000,0.0000,0.0000
-0.4222,0.0000,-0.5455,0.0000,0.0000,0.0000,0.0000,0.0000,0.0000,0.0000,0.0000,0.0000,0.0000,0.0000,0.0000,0.0000
-0.4322,0.0000,-0.5585,0.0000,0.0000,0.0000,0.0000,0.0000,0.0000,0.0000,0.0000,0.0000,0.0000,0.0000,0.0000,0.0000
-0.4423,0.0000,-0.5714,0.0000,0.0000,0.0000,0.0000,0.0000,0.0000,0.0000,0.0000,0.0000,0.0000,0.0000,0.0000,0.0000
-0.4523,0.0000,-0.5844,0.0000,0.0000,0.0000,0.0000,0.0000,0.0000,0.0000,0.0000,0.0000,0.0000,0.0000,0.0000,0.0000
-0.4624,0.0000,-0.5974,0.0000,0.0000,0.0000,0.0000,0.0000,0.0000,0.0000,0.0000,0.0000,0.0000,0.0000,0.0000,0.0000
-0.4724,0.0000,-0.6104,0.0000,0.0000,0.0000,0.0000,0.0000,0.0000,0.0000,0.0000,0.0000,0.0000,0.0000,0.0000,0.0000
-0.4825,0.0000,-0.6234,0.0000,0.0000,0.0000,0.0000,0.0000,0.0000,0.0000,0.0000,0.0000,0.0000,0.0000,0.0000,0.0000
-0.4925,0.0000,-0.6364,0.0000,0.0000,0.0000,0.0000,0.0000,0.0000,0.0000,0.0000,0.0000,0.0000,0.0000,0.0000,0.0000
-0.5026,0.0000,-0.6494,0.0000,0.0000,0.0000,0.0000,0.0000,0.0000,0.0000,0.0000,0.0000,0.0000,0.0000,0.0000,0.0000
-0.5026,0.0000,-0.6494,0.0000,0.0000,0.0000,0.0000,0.0000,0.0000,0.0000,0.0000,0.0000,0.0000,0.0000,0.0000,0.0000
-0.5126,0.0000,-0.6624,0.0000,0.0000,0.0000,0.0000,0.0000,0.0000,0.0000,0.0000,0.0000,0.0000,0.0000,0.0000,0.0000
-0.5227,0.0000,-0.6753,0.0000,0.0000,0.0000,0.0000,0.0000,0.0000,0.0000,0.0000,0.0000,0.0000,0.0000,0.0000,0.0000
-0.5328,0.0000,-0.6883,0.0000,0.0000,0.0000,0.0000,0.0000,0.0000,0.0000,0.0000,0.0000,0.0000,0.0000,0.0000,0.0000
-0.5428,0.0000,-0.7013,0.0000,0.0000,0.0000,0.0000,0.0000,0.0000,0.0000,0.0000,0.0000,0.0000,0.0000,0.0000,0.0000
-0.5529,0.0000,-0.7143,0.0000,0.0000,0.0000,0.0000,0.0000,0.0000,0.0000,0.0000,0.0000,0.0000,0.0000,0.0000,0.0000
-0.5629,0.0000,-0.7273,0.0000,0.0000,0.0000,0.0000,0.0000,0.0000,0.0000,0.0000,0.0000,0.0000,0.0000,0.0000,0.0000
-0.5730,0.0000,-0.7403,0.0000,0.0000,0.0000,0.0000,0.0000,0.0000,0.0000,0.0000,0.0000,0.0000,0.0000,0.0000,0.0000
-0.5830,0.0000,-0.7533,0.0000,0.0000,0.0000,0.0000,0.0000,0.0000,0.0000,0.0000,0.0000,0.0000,0.0000,0.0000,0.0000
-0.5931,0.0000,-0.7663,0.0000,0.0000,0.0000,0.0000,0.0000,0.0000,0.0000,0.0000,0.0000,0.0000,0.0000,0.0000,0.0000
-0.6031,0.0000,-0.7792,0.0000,0.0000,0.0000,0.0000,0.0000,0.0000,0.0000,0.0000,0.0000,0.0000,0.0000,0.0000,0.0000
-0.6031,0.0000,-0.7792,0.0000,0.0000,0.0000,0.0000,0.0000,0.0000,0.0000,0.0000,0.0000,0.0000,0.0000,0.0000,0.0000
-0.6132,0.0000,-0.7922,0.0000,0.0000,0.0000,0.0000,0.0000,0.0000,0.0000,0.0000,0.0000,0.0000,0.0000,0.0000,0.0000
-0.6232,0.0000,-0.8052,0.0000,0.0000,0.0000,0.0000,0.0000,0.0000,0.0000,0.0000,0.0000,0.0000,0.0000,0.0000,0.0000
-0.6333,0.0000,-0.8182,0.0000,0.0000,0.0000,0.0000,0.0000,0.0000,0.0000,0.0000,0.0000,0.0000,0.0000,0.0000,0.0000
-0.6433,0.0000,-0.8312,0.0000,0.0000,0.0000,0.0000,0.0000,0.0000,0.0000,0.0000,0.0000,0.0000,0.0000,0.0000,0.0000
-0.6534,0.0000,-0.8442,0.0000,0.0000,0.0000,0.0000,0.0000,0.0000,0.0000,0.0000,0.0000,0.0000,0.0000,0.0000,0.0000
-0.6634,0.0000,-0.8572,0.0000,0.0000,0.0000,0.0000,0.0000,0.0000,0.0000,0.0000,0.0000,0.0000,0.0000,0.0000,0.0000
-0.6735,0.0000,-0.8702,0.0000,0.0000,0.0000,0.0000,0.0000,0.0000,0.0000,0.0000,0.0000,0.0000,0.0000,0.0000,0.0000
-0.6835,0.0000,-0.8831,0.0000,0.0000,0.0000,0.0000,0.0000,0.0000,0.0000,0.0000,0.0000,0.0000,0.0000,0.0000,0.0000
-0.6936,0.0000,-0.8961,0.0000,0.0000,0.0000,0.0000,0.0000,0.0000,0.0000,0.0000,0.0000,0.0000,0.0000,0.0000,0.0000
-0.7036,0.0000,-0.9091,0.0000,0.0000,0.0000,0.0000,0.0000,0.0000,0.0000,0.0000,0.0000,0.0000,0.0000,0.0000,0.0000
-0.7036,0.0000,-0.9091,0.0000,0.0000,0.0000,0.0000,0.0000,0.0000,0.0000,0.0000,0.0000,0.0000,0.0000,0.0000,0.0000
-0.7137,0.0000,-0.9221,0.0000,0.0000,0.0000,0.0000,0.0000,0.0000,0.0000,0.0000,0.0000,0.0000,0.0000,0.0000,0.0000
-0.7237,0.0000,-0.9351,0.0000,0.0000,0.0000,0.0000,0.0000,0.0000,0.0000,0.0000,0.0000,0.0000,0.0000,0.0000,0.0000
-0.7338,0.0000,-0.9481,0.0000,0.0000,0.0000,0.0000,0.0000,0.0000,0.0000,0.0000,0.0000,0.0000,0.0000,0.0000,0.0000
-0.7438,0.0000,-0.9611,0.0000,0.0000,0.0000,0.0000,0.0000,0.0000,0.0000,0.0000,0.0000,0.0000,0.0000,0.0000,0.0000
-0.7539,0.0000,-0.9741,0.0000,0.0000,0.0000,0.0000,0.0000,0.0000,0.0000,0.0000,0.0000,0.0000,0.0000,0.0000,0.0000
-0.7639,0.0000,-0.9870,0.0000,0.0000,0.0000,0.0000,0.0000,0.0000,0.0000,0.0000,0.0000,0.0000,0.0000,0.0000,0.0000
-0.7740,0.0000,-1.0000,0.0000,0.0000,0.0000,0.0000,0.0000,0.0000,0.0000,0.0000,0.0000,0.0000,0.0000,0.0000,0.0000
-0.7840,0.0000,-1.0130,0.0000,0.0000,0.0000,0.0000,0.0000,0.0000,0.0000,0.0000,0.0000,0.0000,0.0000,0.0000,0.0000
-0.7941,0.0000,-1.0260,0.0000,0.0000,0.0000,0.0000,0.0000,0.0000,0.0000,0.0000,0.0000,0.0000,0.0000,0.0000,0.0000
-0.8042,0.0000,-1.0390,0.0000,0.0000,0.0000,0.0000,0.0000,0.0000,0.0000,0.0000,0.0000,0.0000,0.0000,0.0000,0.0000
-0.8042,0.0000,-1.0390,0.0000,0.0000,0.0000,0.0000,0.0000,0.0000,0.0000,0.0000,0.0000,0.0000,0.0000,0.0000,0.0000
-0.8142,0.0000,-1.0520,0.0000,0.0000,0.0000,0.0000,0.0000,0.0000,0.0000,0.0000,0.0000,0.0000,0.0000,0.0000,0.0000
-0.8243,0.0000,-1.0650,0.0000,0.0000,0.0000,0.0000,0.0000,0.0000,0.0000,0.0000,0.0000,0.0000,0.0000,0.0000,0.0000
-0.8343,0.0000,-1.0780,0.0000,0.0000,0.0000,0.0000,0.0000,0.0000,0.0000,0.0000,0.0000,0.0000,0.0000,0.0000,0.0000
-0.8444,0.0000,-1.0909,0.0000,0.0000,0.0000,0.0000,0.0000,0.0000,0.0000,0.0000,0.0000,0.0000,0.0000,0.0000,0.0000
-0.8544,0.0000,-1.1039,0.0000,0.0000,0.0000,0.0000,0.0000,0.0000,0.0000,0.0000,0.0000,0.0000,0.0000,0.0000,0.0000
-0.8645,0.0000,-1.1169,0.0000,0.0000,0.0000,0.0000,0.0000,0.0000,0.0000,0.0000,0.0000,0.0000,0.0000,0.0000,0.0000
-0.8745,0.0000,-1.1299,0.0000,0.0000,0.0000,0.0000,0.0000,0.0000,0.0000,0.0000,0.0000,0.0000,0.0000,0.0000,0.0000
-0.8846,0.0000,-1.1429,0.0000,0.0000,0.0000,0.0000,0.0000,0.0000,0.0000,0.0000,0.0000,0.0000,0.0000,0.0000,0.0000
-0.8946,0.0000,-1.1559,0.0000,0.0000,0.0000,0.0000,0.0000,0.0000,0.0000,0.0000,0.0000,0.0000,0.0000,0.0000,0.0000
-0.9047,0.0000,-1.1689,0.0000,0.0000,0.0000,0.0000,0.0000,0.0000,0.0000,0.0000,0.0000,0.0000,0.0000,0.0000,0.0000
-0.9047,0.0000,-1.1689,0.0000,0.0000,0.0000,0.0000,0.0000,0.0000,0.0000,0.0000,0.0000,0.0000,0.0000,0.0000,0.0000
-0.9147,0.0000,-1.1819,0.0000,0.0000,0.0000,0.0000,0.0000,0.0000,0.0000,0.0000,0.0000,0.0000,0.0000,0.0000,0.0000
-0.9248,0.0000,-1.1948,0.0000,0.0000,0.0000,0.0000,0.0000,0.0000,0.0000,0.0000,0.0000,0.0000,0.0000,0.0000,0.0000
-0.9348,0.0000,-1.2078,0.0000,0.0000,0.0000,0.0000,0.0000,0.0000,0.0000,0.0000,0.0000,0.0000,0.0000,0.0000,0.0000
-0.9449,0.0000,-1.2208,0.0000,0.0000,0.0000,0.0000,0.0000,0.0000,0.0000,0.0000,0.0000,0.0000,0.0000,0.0000,0.0000
-0.9549,0.0000,-1.2338,0.0000,0.0000,0.0000,0.0000,0.0000,0.0000,0.0000,0.0000,0.0000,0.0000,0.0000,0.0000,0.0000
-0.9650,0.0000,-1.2468,0.0000,0.0000,0.0000,0.0000,0.0000,0.0000,0.0000,0.0000,0.0000,0.0000,0.0000,0.0000,0.0000
-0.9750,0.0000,-1.2598,0.0000,0.0000,0.0000,0.0000,0.0000,0.0000,0.0000,0.0000,0.0000,0.0000,0.0000,0.0000,0.0000
-0.9851,0.0000,-1.2728,0.0000,0.0000,0.0000,0.0000,0.0000,0.0000,0.0000,0.0000,0.0000,0.0000,0.0000,0.0000,0.0000
-0.9951,0.0000,-1.2858,0.0000,0.0000,0.0000,0.0000,0.0000,0.0000,0.0000,0.0000,0.0000,0.0000,0.0000,0.0000,0.0000
-1.0052,0.0000,-1.2987,0.0000,0.0000,0.0000,0.0000,0.0000,0.0000,0.0000,0.0000,0.0000,0.0000,0.0000,0.0000,0.0000
-1.0052,0.0000,-1.2987,0.0000,0.0000,0.0000,0.0000,0.0000,0.0000,0.0000,0.0000,0.0000,0.0000,0.0000,0.0000,0.0000
-1.0152,0.0000,-1.3117,0.0000,0.0000,0.0000,0.0000,0.0000,0.0000,0.0000,0.0000,0.0000,0.0000,0.0000,0.0000,0.0000
-1.0253,0.0000,-1.3247,0.0000,0.0000,0.0000,0.0000,0.0000,0.0000,0.0000,0.0000,0.0000,0.0000,0.0000,0.0000,0.0000
-1.0353,0.0000,-1.3377,0.0000,0.0000,0.0000,0.0000,0.0000,0.0000,0.0000,0.0000,0.0000,0.0000,0.0000,0.0000,0.0000
-1.0454,0.0000,-1.3507,0.0000,0.0000,0.0000,0.0000,0.0000,0.0000,0.0000,0.0000,0.0000,0.0000,0.0000,0.0000,0.0000
-1.0554,0.0000,-1.3637,0.0000,0.0000,0.0000,0.0000,0.0000,0.0000,0.0000,0.0000,0.0000,0.0000,0.0000,0.0000,0.0000
-1.0655,0.0000,-1.3767,0.0000,0.0000,0.0000,0.0000,0.0000,0.0000,0.0000,0.0000,0.0000,0.0000,0.0000,0.0000,0.0000
-1.0756,0.0000,-1.3897,0.0000,0.0000,0.0000,0.0000,0.0000,0.0000,0.0000,0.0000,0.0000,0.0000,0.0000,0.0000,0.0000
-1.0856,0.0000,-1.4026,0.0000,0.0000,0.0000,0.0000,0.0000,0.0000,0.0000,0.0000,0.0000,0.0000,0.0000,0.0000,0.0000
-1.0957,0.0000,-1.4156,0.0000,0.0000,0.0000,0.0000,0.0000,0.0000,0.0000,0.0000,0.0000,0.0000,0.0000,0.0000,0.0000
-1.1057,0.0000,-1.4286,0.0000,0.0000,0.0000,0.0000,0.0000,0.0000,0.0000,0.0000,0.0000,0.0000,0.0000,0.0000,0.0000
-1.1057,0.0000,-1.4286,0.0000,0.0000,0.0000,0.0000,0.0000,0.0000,0.0000,0.0000,0.0000,0.0000,0.0000,0.0000,0.0000
-1.1158,0.0000,-1.4416,0.0000,0.0000,0.0000,0.0000,0.0000,0.0000,0.0000,0.0000,0.0000,0.0000,0.0000,0.0000,0.0000
-1.1258,0.0000,-1.4546,0.0000,0.0000,0.0000,0.0000,0.0000,0.0000,0.0000,0.0000,0.0000,0.0000,0.0000,0.0000,0.0000
-1.1359,0.0000,-1.4676,0.0000,0.0000,0.0000,0.0000,0.0000,0.0000,0.0000,0.0000,0.0000,0.0000,0.0000,0.0000,0.0000
-1.1459,0.0000,-1.4806,0.0000,0.0000,0.0000,0.0000,0.0000,0.0000,0.0000,0.0000,0.0000,0.0000,0.0000,0.0000,0.0000
-1.1560,0.0000,-1.4936,0.0000,0.0000,0.0000,0.0000,0.0000,0.0000,0.0000,0.0000,0.0000,0.0000,0.0000,0.0000,0.0000
-1.1660,0.0000,-1.5065,0.0000,0.0000,0.0000,0.0000,0.0000,0.0000,0.0000,0.0000,0.0000,0.0000,0.0000,0.0000,0.0000
-1.1761,0.0000,-1.5195,0.0000,0.0000,0.0000,0.0000,0.0000,0.0000,0.0000,0.0000,0.0000,0.0000,0.0000,0.0000,0.0000
-1.1861,0.0000,-1.5325,0.0000,0.0000,0.0000,0.0000,0.0000,0.0000,0.0000,0.0000,0.0000,0.0000,0.0000,0.0000,0.0000
-1.1962,0.0000,-1.5455,0.0000,0.0000,0.0000,0.0000,0.0000,0.0000,0.0000,0.0000,0.0000,0.0000,0.0000,0.0000,0.0000
-1.2062,0.0000,-1.5585,0.0000,0.0000,0.0000,0.0000,0.0000,0.0000,0.0000,0.0000,0.0000,0.0000,0.0000,0.0000,0.0000
-1.2062,0.0000,-1.5585,0.0000,0.0000,0.0000,0.0000,0.0000,0.0000,0.0000,0.0000,0.0000,0.0000,0.0000,0.0000,0.0000
-1.2163,0.0000,-1.5597,0.0000,0.0000,0.0000,0.0000,0.0000,0.0000,0.0000,0.0000,0.0000,0.0000,0.0000,0.0000,0.0000
-1.2263,0.0000,-1.5610,0.0000,0.0000,0.0000,0.0000,0.0000,0.0000,0.0000,0.0000,0.0000,0.0000,0.0000,0.0000,0.0000
-1.2364,0.0000,-1.5622,0.0000,0.0000,0.0000,0.0000,0.0000,0.0000,0.0000,0.0000,0.0000,0.0000,0.0000,0.0000,0.0000
-1.2464,0.0000,-1.5634,0.0000,0.0000,0.0000,0.0000,0.0000,0.0000,0.0000,0.0000,0.0000,0.0000,0.0000,0.0000,0.0000
-1.2565,0.0000,-1.5646,0.0000,0.0000,0.0000,0.0000,0.0000,0.0000,0.0000,0.0000,0.0000,0.0000,0.0000,0.0000,0.0000
-1.2665,0.0000,-1.5659,0.0000,0.0000,0.0000,0.0000,0.0000,0.0000,0.0000,0.0000,0.0000,0.0000,0.0000,0.0000,0.0000
-1.2766,0.0000,-1.5671,0.0000,0.0000,0.0000,0.0000,0.0000,0.0000,0.0000,0.0000,0.0000,0.0000,0.0000,0.0000,0.0000
-1.2866,0.0000,-1.5683,0.0000,0.0000,0.0000,0.0000,0.0000,0.0000,0.0000,0.0000,0.0000,0.0000,0.0000,0.0000,0.0000
-1.2967,0.0000,-1.5696,0.0000,0.0000,0.0000,0.0000,0.0000,0.0000,0.0000,0.0000,0.0000,0.0000,0.0000,0.0000,0.0000
-1.3067,0.0000,-1.5708,0.0000,0.0000,0.0000,0.0000,0.0000,0.0000,0.0000,0.0000,0.0000,0.0000,0.0000,0.0000,0.0000
-1.3067,0.0000,-1.5708,0.0000,0.0000,0.0000,0.0000,0.0000,0.0000,0.0000,0.0000,0.0000,0.0000,0.0000,0.0000,0.0000
-1.3168,0.0000,-1.5708,0.0000,0.0000,0.0000,0.0000,0.0000,0.0000,0.0000,0.0000,0.0000,0.0000,0.0000,0.0000,0.0000
-1.3268,0.0000,-1.5708,0.0000,0.0000,0.0000,0.0000,0.0000,0.0000,0.0000,0.0000,0.0000,0.0000,0.0000,0.0000,0.0000
-1.3369,0.0000,-1.5708,0.0000,0.0000,0.0000,0.0000,0.0000,0.0000,0.0000,0.0000,0.0000,0.0000,0.0000,0.0000,0.0000
-1.3470,0.0000,-1.5708,0.0000,0.0000,0.0000,0.0000,0.0000,0.0000,0.0000,0.0000,0.0000,0.0000,0.0000,0.0000,0.0000
-1.3570,0.0000,-1.5708,0.0000,0.0000,0.0000,0.0000,0.0000,0.0000,0.0000,0.0000,0.0000,0.0000,0.0000,0.0000,0.0000
-1.3671,0.0000,-1.5708,0.0000,0.0000,0.0000,0.0000,0.0000,0.0000,0.0000,0.0000,0.0000,0.0000,0.0000,0.0000,0.0000
-1.3771,0.0000,-1.5708,0.0000,0.0000,0.0000,0.0000,0.0000,0.0000,0.0000,0.0000,0.0000,0.0000,0.0000,0.0000,0.0000
-1.3872,0.0000,-1.5708,0.0000,0.0000,0.0000,0.0000,0.0000,0.0000,0.0000,0.0000,0.0000,0.0000,0.0000,0.0000,0.0000
-1.3972,0.0000,-1.5708,0.0000,0.0000,0.0000,0.0000,0.0000,0.0000,0.0000,0.0000,0.0000,0.0000,0.0000,0.0000,0.0000
-1.4073,0.0000,-1.5708,0.0000,0.0000,0.0000,0.0000,0.0000,0.0000,0.0000,0.0000,0.0000,0.0000,0.0000,0.0000,0.0000
-1.4073,0.0000,-1.5708,0.0000,0.0000,0.0000,0.0000,0.0000,0.0000,0.0000,0.0000,0.0000,0.0000,0.0000,0.0000,0.0000
-1.4173,0.0000,-1.5708,0.0000,0.0000,0.0000,0.0000,0.0000,0.0000,0.0000,0.0000,0.0000,0.0000,0.0000,0.0000,0.0000
-1.4274,0.0000,-1.5708,0.0000,0.0000,0.0000,0.0000,0.0000,0.0000,0.0000,0.0000,0.0000,0.0000,0.0000,0.0000,0.0000
-1.4374,0.0000,-1.5708,0.0000,0.0000,0.0000,0.0000,0.0000,0.0000,0.0000,0.0000,0.0000,0.0000,0.0000,0.0000,0.0000
-1.4475,0.0000,-1.5708,0.0000,0.0000,0.0000,0.0000,0.0000,0.0000,0.0000,0.0000,0.0000,0.0000,0.0000,0.0000,0.0000
-1.4575,0.0000,-1.5708,0.0000,0.0000,0.0000,0.0000,0.0000,0.0000,0.0000,0.0000,0.0000,0.0000,0.0000,0.0000,0.0000
-1.4676,0.0000,-1.5708,0.0000,0.0000,0.0000,0.0000,0.0000,0.0000,0.0000,0.0000,0.0000,0.0000,0.0000,0.0000,0.0000
-1.4776,0.0000,-1.5708,0.0000,0.0000,0.0000,0.0000,0.0000,0.0000,0.0000,0.0000,0.0000,0.0000,0.0000,0.0000,0.0000
-1.4877,0.0000,-1.5708,0.0000,0.0000,0.0000,0.0000,0.0000,0.0000,0.0000,0.0000,0.0000,0.0000,0.0000,0.0000,0.0000
-1.4977,0.0000,-1.5708,0.0000,0.0000,0.0000,0.0000,0.0000,0.0000,0.0000,0.0000,0.0000,0.0000,0.0000,0.0000,0.0000
-1.5078,0.0000,-1.5708,0.0000,0.0000,0.0000,0.0000,0.0000,0.0000,0.0000,0.0000,0.0000,0.0000,0.0000,0.0000,0.0000
-1.5078,0.0000,-1.5708,0.0000,0.0000,0.0000,0.0000,0.0000,0.0000,0.0000,0.0000,0.0000,0.0000,0.0000,0.0000,0.0000
-1.5141,0.0000,-1.5708,0.0000,0.0000,0.0000,0.0000,0.0000,0.0000,0.0000,0.0000,0.0000,0.0000,0.0000,0.0000,0.0000
-1.5204,0.0000,-1.5708,0.0000,0.0000,0.0000,0.0000,0.0000,0.0000,0.0000,0.0000,0.0000,0.0000,0.0000,0.0000,0.0000
-1.5267,0.0000,-1.5708,0.0000,0.0000,0.0000,0.0000,0.0000,0.0000,0.0000,0.0000,0.0000,0.0000,0.0000,0.0000,0.0000
-1.5330,0.0000,-1.5708,0.0000,0.0000,0.0000,0.0000,0.0000,0.0000,0.0000,0.0000,0.0000,0.0000,0.0000,0.0000,0.0000
-1.5393,0.0000,-1.5708,0.0000,0.0000,0.0000,0.0000,0.0000,0.0000,0.0000,0.0000,0.0000,0.0000,0.0000,0.0000,0.0000
-1.5456,0.0000,-1.5708,0.0000,0.0000,0.0000,0.0000,0.0000,0.0000,0.0000,0.0000,0.0000,0.0000,0.0000,0.0000,0.0000
-1.5519,0.0000,-1.5708,0.0000,0.0000,0.0000,0.0000,0.0000,0.0000,0.0000,0.0000,0.0000,0.0000,0.0000,0.0000,0.0000
-1.5582,0.0000,-1.5708,0.0000,0.0000,0.0000,0.0000,0.0000,0.0000,0.0000,0.0000,0.0000,0.0000,0.0000,0.0000,0.0000
-1.5645,0.0000,-1.5708,0.0000,0.0000,0.0000,0.0000,0.0000,0.0000,0.0000,0.0000,0.0000,0.0000,0.0000,0.0000,0.0000
-1.5708,0.0000,-1.5708,0.0000,0.0000,0.0000,0.0000,0.0000,0.0000,0.0000,0.0000,0.0000,0.0000,0.0000,0.0000,0.0000
-1.5708,0.0000,-1.5708,0.0000,0.0000,0.0000,0.0000,0.0000,0.0000,0.0000,0.0000,0.0000,0.0000,0.0000,0.0000,0.0000
-1.5708,0.0000,-1.5708,0.0000,0.0000,0.0000,0.0000,0.0000,0.0000,0.0000,0.0000,0.0000,0.0000,0.0000,0.0000,0.0000
-1.5708,0.0000,-1.5708,0.0000,0.0000,0.0000,0.0000,0.0000,0.0000,0.0000,0.0000,0.0000,0.0000,0.0000,0.0000,0.0000
-1.5708,0.0000,-1.5708,0.0000,0.0000,0.0000,0.0000,0.0000,0.0000,0.0000,0.0000,0.0000,0.0000,0.0000,0.0000,0.0000
-1.5708,0.0000,-1.5708,0.0000,0.0000,0.0000,0.0000,0.0000,0.0000,0.0000,0.0000,0.0000,0.0000,0.0000,0.0000,0.0000
-1.5708,0.0000,-1.5708,0.0000,0.0000,0.0000,0.0000,0.0000,0.0000,0.0000,0.0000,0.0000,0.0000,0.0000,0.0000,0.0000
-1.5708,0.0000,-1.5708,0.0000,0.0000,0.0000,0.0000,0.0000,0.0000,0.0000,0.0000,0.0000,0.0000,0.0000,0.0000,0.0000
-1.5708,0.0000,-1.5708,0.0000,0.0000,0.0000,0.0000,0.0000,0.0000,0.0000,0.0000,0.0000,0.0000,0.0000,0.0000,0.0000
-1.5708,0.0000,-1.5708,0.0000,0.0000,0.0000,0.0000,0.0000,0.0000,0.0000,0.0000,0.0000,0.0000,0.0000,0.0000,0.0000
-1.5708,0.0000,-1.5708,0.0000,0.0000,0.0000,0.0000,0.0000,0.0000,0.0000,0.0000,0.0000,0.0000,0.0000,0.0000,0.0000
-1.5708,0.0000,-1.5708,0.0000,0.0000,0.0000,0.0000,0.0000,0.0000,0.0000,0.0000,0.0000,0.0000,0.0000,0.0000,0.0000
-1.5708,0.0000,-1.5708,0.0000,0.0000,0.0000,0.0000,0.0000,0.0000,0.0000,0.0000,0.0000,0.0000,0.0000,0.0000,0.0000
-1.5708,0.0000,-1.5708,0.0000,0.0000,0.0000,0.0000,0.0000,0.0000,0.0000,0.0000,0.0000,0.0000,0.0000,0.0000,0.0000
-1.5708,0.0000,-1.5708,0.0000,0.0000,0.0000,0.0000,0.0000,0.0000,0.0000,0.0000,0.0000,0.0000,0.0000,0.0000,0.0000
-1.5708,0.0000,-1.5708,0.0000,0.0000,0.0000,0.0000,0.0000,0.0000,0.0000,0.0000,0.0000,0.0000,0.0000,0.0000,0.0000
-1.5708,0.0000,-1.5708,0.0000,0.0000,0.0000,0.0000,0.0000,0.0000,0.0000,0.0000,0.0000,0.0000,0.0000,0.0000,0.0000
-1.5708,0.0000,-1.5708,0.0000,0.0000,0.0000,0.0000,0.0000,0.0000,0.0000,0.0000,0.0000,0.0000,0.0000,0.0000,0.0000
-1.5708,0.0000,-1.5708,0.0000,0.0000,0.0000,0.0000,0.0000,0.0000,0.0000,0.0000,0.0000,0.0000,0.0000,0.0000,0.0000
-1.5708,0.0000,-1.5708,0.0000,0.0000,0.0000,0.0000,0.0000,0.0000,0.0000,0.0000,0.0000,0.0000,0.0000,0.0000,0.0000
-1.5708,0.0000,-1.5708,0.0000,0.0000,0.0000,0.0000,0.0000,0.0000,0.0000,0.0000,0.0000,0.0000,0.0000,0.0000,0.0000
-1.5708,0.0000,-1.5708,0.0000,0.0000,0.0000,0.0000,0.0000,0.0000,0.0000,0.0000,0.0000,0.0000,0.0000,0.0000,0.0000
-1.5708,0.0000,-1.5708,0.0000,0.0000,0.0000,0.0000,0.0000,0.0000,0.0000,0.0000,0.0000,0.0000,0.0000,0.0000,0.0000
-1.5708,0.0000,-1.5708,0.0000,0.0000,0.0000,0.0000,0.0000,0.0000,0.0000,0.0000,0.0000,0.0000,0.0000,0.0000,0.0000
-1.5708,0.0000,-1.5708,0.0000,0.0000,0.0000,0.0000,0.0000,0.0000,0.0000,0.0000,0.0000,0.0000,0.0000,0.0000,0.0000
-1.5708,0.0000,-1.5708,0.0000,0.0000,0.0000,0.0000,0.0000,0.0000,0.0000,0.0000,0.0000,0.0000,0.0000,0.0000,0.0000
-1.5708,0.0000,-1.5708,0.0000,0.0000,0.0000,0.0000,0.0000,0.0000,0.0000,0.0000,0.0000,0.0000,0.0000,0.0000,0.0000
-1.5708,0.0000,-1.5708,0.0000,0.0000,0.0000,0.0000,0.0000,0.0000,0.0000,0.0000,0.0000,0.0000,0.0000,0.0000,0.0000
-1.5708,0.0000,-1.5708,0.0000,0.0000,0.0000,0.0000,0.0000,0.0000,0.0000,0.0000,0.0000,0.0000,0.0000,0.0000,0.0000
-1.5708,0.0000,-1.5708,0.0000,0.0000,0.0000,0.0000,0.0000,0.0000,0.0000,0.0000,0.0000,0.0000,0.0000,0.0000,0.0000
-1.5708,0.0000,-1.5708,0.0000,0.0000,0.0000,0.0000,0.0000,0.0000,0.0000,0.0000,0.0000,0.0000,0.0000,0.0000,0.0000
-1.5708,0.0000,-1.5708,0.0000,0.0000,0.0000,0.0000,0.0000,0.0000,0.0000,0.0000,0.0000,0.0000,0.0000,0.0000,0.0000
-1.5708,0.0000,-1.5708,0.0000,0.0000,0.0000,0.0000,0.0000,0.0000,0.0000,0.0000,0.0000,0.0000,0.0000,0.0000,0.0000
-1.5708,0.0000,-1.5708,0.0000,0.0000,0.0000,0.0000,0.0000,0.0000,0.0000,0.0000,0.0000,0.0000,0.0000,0.0000,0.0000
-1.5708,0.0000,-1.5708,0.0000,0.0000,0.0000,0.0000,0.0000,0.0000,0.0000,0.0000,0.0000,0.0000,0.0000,0.0000,0.0000
-1.5708,0.0000,-1.5708,0.0000,-0.0000,0.0000,-0.0000,0.0000,-0.0000,0.0000,0.0000,0.0000,0.0000,0.0000,0.0000,0.0000
-1.5708,0.0000,-1.5708,0.0000,-0.0000,0.0000,-0.0000,0.0000,-0.0000,0.0000,0.0000,0.0000,0.0000,0.0000,0.0000,0.0000
-1.5708,0.0000,-1.5708,0.0000,-0.0000,0.0000,-0.0000,0.0000,-0.0000,0.0000,0.0000,0.0000,0.0000,0.0000,0.0000,0.0000
-1.5708,0.0000,-1.5708,0.0000,-0.0000,0.0000,-0.0000,0.0000,-0.0000,0.0000,0.0000,0.0000,0.0000,0.0000,0.0000,0.0000
-1.5708,0.0000,-1.5708,0.0000,-0.0000,0.0000,-0.0000,0.0000,-0.0000,0.0000,0.0000,0.0000,0.0000,0.0000,0.0000,0.0000
-1.5708,0.0000,-1.5708,0.0000,-0.0000,0.0000,-0.0000,0.0000,-0.0000,0.0000,0.0000,0.0000,0.0000,0.0000,0.0000,0.0000
-1.5708,0.0000,-1.5708,0.0000,-0.0000,0.0000,-0.0000,0.0000,-0.0000,0.0000,0.0000,0.0000,0.0000,0.0000,0.0000,0.0000
-1.5708,0.0000,-1.5708,0.0000,-0.0000,0.0000,-0.0000,0.0000,-0.0000,0.0000,0.0000,0.0000,0.0000,0.0000,0.0000,0.0000
-1.5708,0.0000,-1.5708,0.0000,-0.0000,0.0000,-0.0000,0.0000,-0.0000,0.0000,0.0000,0.0000,0.0000,0.0000,0.0000,0.0000
-1.5708,0.0000,-1.5708,0.0000,-0.0000,0.0000,-0.0000,0.0000,-0.0000,0.0000,0.0000,0.0000,0.0000,0.0000,0.0000,0.0000
-1.5708,0.0000,-1.5708,0.0000,-0.0000,0.0000,-0.0000,0.0000,-0.0000,0.0000,0.0000,0.0000,0.0000,0.0000,0.0000,0.0000
-1.5708,0.0000,-1.5708,0.0000,0.1431,0.0000,-0.0085,0.0000,-0.1350,0.0000,0.1124,0.0000,0.0363,0.0000,-0.0198,0.0000
-1.5708,0.0000,-1.5708,0.0000,0.2862,0.0000,-0.0170,0.0000,-0.2701,0.0000,0.2247,0.0000,0.0727,0.0000,-0.0395,0.0000
-1.5708,0.0000,-1.5708,0.0000,0.4293,0.0000,-0.0255,0.0000,-0.4051,0.0000,0.3371,0.0000,0.1090,0.0000,-0.0593,0.0000
-1.5708,0.0000,-1.5708,0.0000,0.5724,0.0000,-0.0339,0.0000,-0.5401,0.0000,0.4494,0.0000,0.1454,0.0000,-0.0790,0.0000
-1.5708,0.0000,-1.5708,0.0000,0.7154,0.0000,-0.0424,0.0000,-0.6752,0.0000,0.5618,0.0000,0.1817,0.0000,-0.0988,0.0000
-1.5708,0.0000,-1.5708,0.0000,0.8585,0.0000,-0.0509,0.0000,-0.8102,0.0000,0.6742,0.0000,0.2181,0.0000,-0.1185,0.0000
-1.5708,0.0000,-1.5708,0.0000,1.0016,0.0000,-0.0594,0.0000,-0.9452,0.0000,0.7865,0.0000,0.2544,0.0000,-0.1383,0.0000
-1.5708,0.0000,-1.5708,0.0000,1.1447,0.0000,-0.0679,0.0000,-1.0803,0.0000,0.8989,0.0000,0.2908,0.0000,-0.1580,0.0000
-1.5708,0.0000,-1.5708,0.0000,1.2878,0.0000,-0.0764,0.0000,-1.2153,0.0000,1.0112,0.0000,0.3271,0.0000,-0.1778,0.0000
-1.5708,0.0000,-1.5708,0.0000,1.4309,0.0000,-0.0849,0.0000,-1.3504,0.0000,1.1236,0.0000,0.3635,0.0000,-0.1975,0.0000
-1.5708,0.0000,-1.5708,0.0000,1.4309,0.0000,-0.0849,0.0000,-1.3504,0.0000,1.1236,0.0000,0.3635,0.0000,-0.1975,0.0000
-1.5708,0.0000,-1.5708,0.0000,1.4184,0.0000,-0.1096,0.0000,-1.3607,0.0000,1.1303,0.0000,0.3640,0.0000,-0.1998,0.0000
-1.5708,0.0000,-1.5708,0.0000,1.4059,0.0000,-0.1343,0.0000,-1.3711,0.0000,1.1370,0.0000,0.3646,0.0000,-0.2022,0.0000
-1.5708,0.0000,-1.5708,0.0000,1.3933,0.0000,-0.1589,0.0000,-1.3814,0.0000,1.1437,0.0000,0.3651,0.0000,-0.2045,0.0000
-1.5708,0.0000,-1.5708,0.0000,1.3808,0.0000,-0.1836,0.0000,-1.3918,0.0000,1.1504,0.0000,0.3657,0.0000,-0.2068,0.0000
-1.5708,0.0000,-1.5708,0.0000,1.3683,0.0000,-0.2083,0.0000,-1.4021,0.0000,1.1570,0.0000,0.3662,0.0000,-0.2091,0.0000
-1.5708,0.0000,-1.5708,0.0000,1.3558,0.0000,-0.2330,0.0000,-1.4125,0.0000,1.1637,0.0000,0.3668,0.0000,-0.2115,0.0000
-1.5708,0.0000,-1.5708,0.0000,1.3433,0.0000,-0.2577,0.0000,-1.4229,0.0000,1.1704,0.0000,0.3673,0.0000,-0.2138,0.0000
-1.5708,0.0000,-1.5708,0.0000,1.3308,0.0000,-0.2824,0.0000,-1.4332,0.0000,1.1771,0.0000,0.3679,0.0000,-0.2161,0.0000
-1.5708,0.0000,-1.5708,0.0000,1.3183,0.0000,-0.3071,0.0000,-1.4436,0.0000,1.1838,0.0000,0.3684,0.0000,-0.2184,0.0000
-1.5708,0.0000,-1.5708,0.0000,1.3058,0.0000,-0.3318,0.0000,-1.4539,0.0000,1.1905,0.0000,0.3690,0.0000,-0.2208,0.0000
-1.5708,0.0000,-1.5708,0.0000,1.3058,0.0000,-0.3318,0.0000,-1.4539,0.0000,1.1905,0.0000,0.3690,0.0000,-0.2208,0.0000
-1.5708,0.0000,-1.5708,0.0000,1.3197,0.0000,-0.2974,0.0000,-1.4274,0.0000,1.2011,0.0000,0.3705,0.0000,-0.2250,0.0000
-1.5708,0.0000,-1.5708,0.0000,1.3337,0.0000,-0.2631,0.0000,-1.4010,0.0000,1.2118,0.0000,0.3720,0.0000,-0.2292,0.0000
-1.5708,0.0000,-1.5708,0.0000,1.3477,0.0000,-0.2287,0.0000,-1.3745,0.0000,1.2225,0.0000,0.3735,0.0000,-0.2334,0.0000
-1.5708,0.0000,-1.5708,0.0000,1.3617,0.0000,-0.1944,0.0000,-1.3480,0.0000,1.2331,0.0000,0.3750,0.0000,-0.2376,0.0000
-1.5708,0.0000,-1.5708,0.0000,1.3757,0.0000,-0.1600,0.0000,-1.3215,0.0000,1.2438,0.0000,0.3765,0.0000,-0.2418,0.0000
-1.5708,0.0000,-1.5708,0.0000,1.3896,0.0000,-0.1257,0.0000,-1.2951,0.0000,1.2545,0.0000,0.3780,0.0000,-0.2460,0.0000
-1.5708,0.0000,-1.5708,0.0000,1.4036,0.0000,-0.0913,0.0000,-1.2686,0.0000,1.2651,0.0000,0.3796,0.0000,-0.2502,0.0000
-1.5708,0.0000,-1.5708,0.0000,1.4176,0.0000,-0.0570,0.0000,-1.2421,0.0000,1.2758,0.0000,0.3811,0.0000,-0.2544,0.0000
-1.5708,0.0000,-1.5708,0.0000,1.4316,0.0000,-0.0226,0.0000,-1.2156,0.0000,1.2865,0.0000,0.3826,0.0000,-0.2586,0.0000
-1.5708,0.0000,-1.5708,0.0000,1.4456,0.0000,0.0118,0.0000,-1.1891,0.0000,1.2971,0.0000,0.3841,0.0000,-0.2628,0.0000
-1.5708,0.0000,-1.5708,0.0000,1.4456,0.0000,0.0118,0.0000,-1.1891,0.0000,1.2971,0.0000,0.3841,0.0000,-0.2628,0.0000
-1.5708,0.0000,-1.5708,0.0000,1.4298,0.0000,-0.0148,0.0000,-1.1818,0.0000,1.3073,0.0000,0.3559,0.0000,-0.2693,0.0000
-1.5708,0.0000,-1.5708,0.0000,1.4140,0.0000,-0.0413,0.0000,-1.1744,0.0000,1.3176,0.0000,0.3277,0.0000,-0.2757,0.0000
-1.5708,0.0000,-1.5708,0.0000,1.3983,0.0000,-0.0678,0.0000,-1.1670,0.0000,1.3278,0.0000,0.2994,0.0000,-0.2821,0.0000
-1.5708,0.0000,-1.5708,0.0000,1.3825,0.0000,-0.0943,0.0000,-1.1596,0.0000,1.3380,0.0000,0.2712,0.0000,-0.2886,0.0000
-1.5708,0.0000,-1.5708,0.0000,1.3667,0.0000,-0.1208,0.0000,-1.1522,0.0000,1.3482,0.0000,0.2430,0.0000,-0.2950,0.0000
-1.5708,0.0000,-1.5708,0.0000,1.3509,0.0000,-0.1473,0.0000,-1.1448,0.0000,1.3584,0.0000,0.2147,0.0000,-0.3014,0.0000
-1.5708,0.0000,-1.5708,0.0000,1.3352,0.0000,-0.1738,0.0000,-1.1374,0.0000,1.3686,0.0000,0.1865,0.0000,-0.3079,0.0000
-1.5708,0.0000,-1.5708,0.0000,1.3194,0.0000,-0.2003,0.0000,-1.1300,0.0000,1.3788,0.0000,0.1583,0.0000,-0.3143,0.0000
-1.5708,0.0000,-1.5708,0.0000,1.3036,0.0000,-0.2268,0.0000,-1.1227,0.0000,1.3890,0.0000,0.1301,0.0000,-0.3207,0.0000
-1.5708,0.0000,-1.5708,0.0000,1.2878,0.0000,-0.2533,0.0000,-1.1153,0.0000,1.3992,0.0000,0.1018,0.0000,-0.3272,0.0000
-1.5708,0.0000,-1.5708,0.0000,1.2878,0.0000,-0.2533,0.0000,-1.1153,0.0000,1.3992,0.0000,0.1018,0.0000,-0.3272,0.0000
-1.5708,0.0000,-1.5708,0.0000,1.2653,0.0000,-0.2924,0.0000,-1.1012,0.0000,1.4066,0.0000,0.0465,0.0000,-0.3290,0.0000
-1.5708,0.0000,-1.5708,0.0000,1.2427,0.0000,-0.3315,0.0000,-1.0872,0.0000,1.4139,0.0000,-0.0089,0.0000,-0.3308,0.0000
-1.5708,0.0000,-1.5708,0.0000,1.2201,0.0000,-0.3705,0.0000,-1.0732,0.0000,1.4212,0.0000,-0.0643,0.0000,-0.3326,0.0000
-1.5708,0.0000,-1.5708,0.0000,1.1976,0.0000,-0.4096,0.0000,-1.0592,0.0000,1.4286,0.0000,-0.1197,0.0000,-0.3344,0.0000
-1.5708,0.0000,-1.5708,0.0000,1.1750,0.0000,-0.4487,0.0000,-1.0451,0.0000,1.4359,0.0000,-0.1751,0.0000,-0.3362,0.0000
-1.5708,0.0000,-1.5708,0.0000,1.1524,0.0000,-0.4878,0.0000,-1.0311,0.0000,1.4432,0.0000,-0.2305,0.0000,-0.3380,0.0000
-1.5708,0.0000,-1.5708,0.0000,1.1299,0.0000,-0.5268,0.0000,-1.0171,0.0000,1.4506,0.0000,-0.2859,0.0000,-0.3399,0.0000
-1.5708,0.0000,-1.5708,0.0000,1.1073,0.0000,-0.5659,0.0000,-1.0030,0.0000,1.4579,0.0000,-0.3413,0.0000,-0.3417,0.0000
-1.5708,0.0000,-1.5708,0.0000,1.0847,0.0000,-0.6050,0.0000,-0.9890,0.0000,1.4652,0.0000,-0.3967,0.0000,-0.3435,0.0000
-1.5708,0.0000,-1.5708,0.0000,1.0622,0.0000,-0.6441,0.0000,-0.9750,0.0000,1.4725,0.0000,-0.4520,0.0000,-0.3453,0.0000
-1.5708,0.0000,-1.5708,0.0000,1.0622,0.0000,-0.6441,0.0000,-0.9750,0.0000,1.4725,0.0000,-0.4520,0.0000,-0.3453,0.0000
-1.5708,0.0000,-1.5708,0.0000,1.0567,0.0000,-0.6452,0.0000,-0.9568,0.0000,1.4702,0.0000,-0.4929,0.0000,-0.3343,0.0000
-1.5708,0.0000,-1.5708,0.0000,1.0513,0.0000,-0.6463,0.0000,-0.9386,0.0000,1.4679,0.0000,-0.5337,0.0000,-0.3234,0.0000
-1.5708,0.0000,-1.5708,0.0000,1.0458,0.0000,-0.6473,0.0000,-0.9204,0.0000,1.4656,0.0000,-0.5745,0.0000,-0.3124,0.0000
-1.5708,0.0000,-1.5708,0.0000,1.0404,0.0000,-0.6484,0.0000,-0.9022,0.0000,1.4633,0.0000,-0.6153,0.0000,-0.3014,0.0000
-1.5708,0.0000,-1.5708,0.0000,1.0350,0.0000,-0.6495,0.0000,-0.8840,0.0000,1.4610,0.0000,-0.6561,0.0000,-0.2905,0.0000
-1.5708,0.0000,-1.5708,0.0000,1.0295,0.0000,-0.6506,0.0000,-0.8658,0.0000,1.4587,0.0000,-0.6969,0.0000,-0.2795,0.0000
-1.5708,0.0000,-1.5708,0.0000,1.0241,0.0000,-0.6517,0.0000,-0.8476,0.0000,1.4564,0.0000,-0.7377,0.0000,-0.2685,0.0000
-1.5708,0.0000,-1.5708,0.0000,1.0186,0.0000,-0.6528,0.0000,-0.8294,0.0000,1.4541,0.0000,-0.7785,0.0000,-0.2576,0.0000
-1.5708,0.0000,-1.5708,0.0000,1.0132,0.0000,-0.6539,0.0000,-0.8112,0.0000,1.4517,0.0000,-0.8193,0.0000,-0.2466,0.0000
-1.5708,0.0000,-1.5708,0.0000,1.0077,0.0000,-0.6550,0.0000,-0.7930,0.0000,1.4494,0.0000,-0.8601,0.0000,-0.2356,0.0000
-1.5708,0.0000,-1.5708,0.0000,1.0077,0.0000,-0.6550,0.0000,-0.7930,0.0000,1.4494,0.0000,-0.8601,0.0000,-0.2356,0.0000
-1.5708,0.0000,-1.5708,0.0000,1.0000,0.0000,-0.6703,0.0000,-0.7926,0.0000,1.4537,0.0000,-0.8769,0.0000,-0.2196,0.0000
-1.5708,0.0000,-1.5708,0.0000,0.9923,0.0000,-0.6857,0.0000,-0.7922,0.0000,1.4580,0.0000,-0.8936,0.0000,-0.2036,0.0000
-1.5708,0.0000,-1.5708,0.0000,0.9845,0.0000,-0.7010,0.0000,-0.7919,0.0000,1.4623,0.0000,-0.9104,0.0000,-0.1876,0.0000
-1.5708,0.0000,-1.5708,0.0000,0.9768,0.0000,-0.7164,0.0000,-0.7915,0.0000,1.4665,0.0000,-0.9271,0.0000,-0.1715,0.0000
-1.5708,0.0000,-1.5708,0.0000,0.9690,0.0000,-0.7317,0.0000,-0.7911,0.0000,1.4708,0.0000,-0.9439,0.0000,-0.1555,0.0000
-1.5708,0.0000,-1.5708,0.0000,0.9613,0.0000,-0.7470,0.0000,-0.7907,0.0000,1.4751,0.0000,-0.9606,0.0000,-0.1395,0.0000
-1.5708,0.0000,-1.5708,0.0000,0.9536,0.0000,-0.7624,0.0000,-0.7904,0.0000,1.4794,0.0000,-0.9774,0.0000,-0.1235,0.0000
-1.5708,0.0000,-1.5708,0.0000,0.9458,0.0000,-0.7777,0.0000,-0.7900,0.0000,1.4836,0.0000,-0.9941,0.0000,-0.1075,0.0000
-1.5708,0.0000,-1.5708,0.0000,0.9381,0.0000,-0.7931,0.0000,-0.7896,0.0000,1.4879,0.0000,-1.0109,0.0000,-0.0914,0.0000
-1.5708,0.0000,-1.5708,0.0000,0.9304,0.0000,-0.8084,0.0000,-0.7892,0.0000,1.4922,0.0000,-1.0276,0.0000,-0.0754,0.0000
-1.5708,0.0000,-1.5708,0.0000,0.9304,0.0000,-0.8084,0.0000,-0.7892,0.0000,1.4922,0.0000,-1.0276,0.0000,-0.0754,0.0000
-1.5708,0.0000,-1.5708,0.0000,0.9276,0.0000,-0.8018,0.0000,-0.7872,0.0000,1.4922,0.0000,-1.0411,0.0000,-0.0553,0.0000
-1.5708,0.0000,-1.5708,0.0000,0.9249,0.0000,-0.7953,0.0000,-0.7851,0.0000,1.4922,0.0000,-1.0546,0.0000,-0.0351,0.0000
-1.5708,0.0000,-1.5708,0.0000,0.9221,0.0000,-0.7887,0.0000,-0.7830,0.0000,1.4922,0.0000,-1.0681,0.0000,-0.0150,0.0000
-1.5708,0.0000,-1.5708,0.0000,0.9194,0.0000,-0.7821,0.0000,-0.7809,0.0000,1.4922,0.0000,-1.0816,0.0000,0.0052,0.0000
-1.5708,0.0000,-1.5708,0.0000,0.9166,0.0000,-0.7755,0.0000,-0.7789,0.0000,1.4922,0.0000,-1.0952,0.0000,0.0254,0.0000
-1.5708,0.0000,-1.5708,0.0000,0.9139,0.0000,-0.7690,0.0000,-0.7768,0.0000,1.4922,0.0000,-1.1087,0.0000,0.0455,0.0000
-1.5708,0.0000,-1.5708,0.0000,0.9111,0.0000,-0.7624,0.0000,-0.7747,0.0000,1.4922,0.0000,-1.1222,0.0000,0.0657,0.0000
-1.5708,0.0000,-1.5708,0.0000,0.9084,0.0000,-0.7558,0.0000,-0.7727,0.0000,1.4922,0.0000,-1.1357,0.0000,0.0858,0.0000
-1.5708,0.0000,-1.5708,0.0000,0.9056,0.0000,-0.7492,0.0000,-0.7706,0.0000,1.4922,0.0000,-1.1492,0.0000,0.1060,0.0000
-1.5708,0.0000,-1.5708,0.0000,0.9029,0.0000,-0.7427,0.0000,-0.7685,0.0000,1.4922,0.0000,-1.1627,0.0000,0.1261,0.0000
-1.5708,0.0000,-1.5708,0.0000,0.9029,0.0000,-0.7427,0.0000,-0.7685,0.0000,1.4922,0.0000,-1.1627,0.0000,0.1261,0.0000
-1.5708,0.0000,-1.5708,0.0000,0.8980,0.0000,-0.7364,0.0000,-0.7817,0.0000,1.4889,0.0000,-1.1728,0.0000,0.1393,0.0000
-1.5708,0.0000,-1.5708,0.0000,0.8932,0.0000,-0.7302,0.0000,-0.7950,0.0000,1.4856,0.0000,-1.1829,0.0000,0.1524,0.0000
-1.5708,0.0000,-1.5708,0.0000,0.8884,0.0000,-0.7240,0.0000,-0.8082,0.0000,1.4823,0.0000,-1.1931,0.0000,0.1655,0.0000
-1.5708,0.0000,-1.5708,0.0000,0.8836,0.0000,-0.7177,0.0000,-0.8214,0.0000,1.4790,0.0000,-1.2032,0.0000,0.1786,0.0000
-1.5708,0.0000,-1.5708,0.0000,0.8788,0.0000,-0.7115,0.0000,-0.8346,0.0000,1.4756,0.0000,-1.2133,0.0000,0.1917,0.0000
-1.5708,0.0000,-1.5708,0.0000,0.8740,0.0000,-0.7053,0.0000,-0.8479,0.0000,1.4723,0.0000,-1.2234,0.0000,0.2049,0.0000
-1.5708,0.0000,-1.5708,0.0000,0.8691,0.0000,-0.6990,0.0000,-0.8611,0.0000,1.4690,0.0000,-1.2335,0.0000,0.2180,0.0000
-1.5708,0.0000,-1.5708,0.0000,0.8643,0.0000,-0.6928,0.0000,-0.8743,0.0000,1.4657,0.0000,-1.2437,0.0000,0.2311,0.0000
-1.5708,0.0000,-1.5708,0.0000,0.8595,0.0000,-0.6866,0.0000,-0.8875,0.0000,1.4624,0.0000,-1.2538,0.0000,0.2442,0.0000
-1.5708,0.0000,-1.5708,0.0000,0.8547,0.0000,-0.6804,0.0000,-0.9008,0.0000,1.4591,0.0000,-1.2639,0.0000,0.2573,0.0000
-1.5708,0.0000,-1.5708,0.0000,0.8547,0.0000,-0.6804,0.0000,-0.9008,0.0000,1.4591,0.0000,-1.2639,0.0000,0.2573,0.0000
-1.5708,0.0000,-1.5708,0.0000,0.8667,0.0000,-0.6648,0.0000,-0.8962,0.0000,1.4603,0.0000,-1.2593,0.0000,0.2558,0.0000
-1.5708,0.0000,-1.5708,0.0000,0.8788,0.0000,-0.6492,0.0000,-0.8915,0.0000,1.4615,0.0000,-1.2547,0.0000,0.2544,0.0000
-1.5708,0.0000,-1.5708,0.0000,0.8908,0.0000,-0.6337,0.0000,-0.8869,0.0000,1.4626,0.0000,-1.2501,0.0000,0.2529,0.0000
-1.5708,0.0000,-1.5708,0.0000,0.9029,0.0000,-0.6181,0.0000,-0.8823,0.0000,1.4638,0.0000,-1.2455,0.0000,0.2514,0.0000
-1.5708,0.0000,-1.5708,0.0000,0.9150,0.0000,-0.6026,0.0000,-0.8777,0.0000,1.4650,0.0000,-1.2409,0.0000,0.2499,0.0000
-1.5708,0.0000,-1.5708,0.0000,0.9270,0.0000,-0.5870,0.0000,-0.8731,0.0000,1.4662,0.0000,-1.2364,0.0000,0.2484,0.0000
-1.5708,0.0000,-1.5708,0.0000,0.9391,0.0000,-0.5714,0.0000,-0.8685,0.0000,1.4673,0.0000,-1.2318,0.0000,0.2469,0.0000
-1.5708,0.0000,-1.5708,0.0000,0.9511,0.0000,-0.5559,0.0000,-0.8639,0.0000,1.4685,0.0000,-1.2272,0.0000,0.2454,0.0000
-1.5708,0.0000,-1.5708,0.0000,0.9632,0.0000,-0.5403,0.0000,-0.8593,0.0000,1.4697,0.0000,-1.2226,0.0000,0.2439,0.0000
-1.5708,0.0000,-1.5708,0.0000,0.9752,0.0000,-0.5248,0.0000,-0.8546,0.0000,1.4709,0.0000,-1.2180,0.0000,0.2424,0.0000
-1.5708,0.0000,-1.5708,0.0000,0.9752,0.0000,-0.5248,0.0000,-0.8546,0.0000,1.4709,0.0000,-1.2180,0.0000,0.2424,0.0000
-1.5708,0.0000,-1.5708,0.0000,0.9653,0.0000,-0.5208,0.0000,-0.8566,0.0000,1.4714,0.0000,-1.2210,0.0000,0.2523,0.0000
-1.5708,0.0000,-1.5708,0.0000,0.9554,0.0000,-0.5168,0.0000,-0.8585,0.0000,1.4718,0.0000,-1.2239,0.0000,0.2622,0.0000
-1.5708,0.0000,-1.5708,0.0000,0.9455,0.0000,-0.5129,0.0000,-0.8605,0.0000,1.4723,0.0000,-1.2269,0.0000,0.2720,0.0000
-1.5708,0.0000,-1.5708,0.0000,0.9356,0.0000,-0.5089,0.0000,-0.8624,0.0000,1.4728,0.0000,-1.2299,0.0000,0.2819,0.0000
-1.5708,0.0000,-1.5708,0.0000,0.9256,0.0000,-0.5049,0.0000,-0.8643,0.0000,1.4733,0.0000,-1.2329,0.0000,0.2918,0.0000
-1.5708,0.0000,-1.5708,0.0000,0.9157,0.0000,-0.5010,0.0000,-0.8663,0.0000,1.4738,0.0000,-1.2358,0.0000,0.3017,0.0000
-1.5708,0.0000,-1.5708,0.0000,0.9058,0.0000,-0.4970,0.0000,-0.8682,0.0000,1.4742,0.0000,-1.2388,0.0000,0.3116,0.0000
-1.5708,0.0000,-1.5708,0.0000,0.8959,0.0000,-0.4930,0.0000,-0.8701,0.0000,1.4747,0.0000,-1.2418,0.0000,0.3214,0.0000
-1.5708,0.0000,-1.5708,0.0000,0.8860,0.0000,-0.4891,0.0000,-0.8721,0.0000,1.4752,0.0000,-1.2448,0.0000,0.3313,0.0000
-1.5708,0.0000,-1.5708,0.0000,0.8761,0.0000,-0.4851,0.0000,-0.8740,0.0000,1.4757,0.0000,-1.2477,0.0000,0.3412,0.0000
-1.5708,0.0000,-1.5708,0.0000,0.8761,0.0000,-0.4851,0.0000,-0.8740,0.0000,1.4757,0.0000,-1.2477,0.0000,0.3412,0.0000
-1.5708,0.0000,-1.5708,0.0000,0.8908,0.0000,-0.4556,0.0000,-0.8670,0.0000,1.4760,0.0000,-1.2419,0.0000,0.3531,0.0000
-1.5708,0.0000,-1.5708,0.0000,0.9054,0.0000,-0.4260,0.0000,-0.8601,0.0000,1.4764,0.0000,-1.2360,0.0000,0.3650,0.0000
-1.5708,0.0000,-1.5708,0.0000,0.9201,0.0000,-0.3965,0.0000,-0.8531,0.0000,1.4767,0.0000,-1.2302,0.0000,0.3769,0.0000
-1.5708,0.0000,-1.5708,0.0000,0.9348,0.0000,-0.3670,0.0000,-0.8461,0.0000,1.4771,0.0000,-1.2243,0.0000,0.3888,0.0000
-1.5708,0.0000,-1.5708,0.0000,0.9495,0.0000,-0.3375,0.0000,-0.8391,0.0000,1.4774,0.0000,-1.2185,0.0000,0.4007,0.0000
-1.5708,0.0000,-1.5708,0.0000,0.9642,0.0000,-0.3079,0.0000,-0.8321,0.0000,1.4778,0.0000,-1.2126,0.0000,0.4126,0.0000
-1.5708,0.0000,-1.5708,0.0000,0.9789,0.0000,-0.2784,0.0000,-0.8252,0.0000,1.4782,0.0000,-1.2067,0.0000,0.4245,0.0000
-1.5708,0.0000,-1.5708,0.0000,0.9935,0.0000,-0.2489,0.0000,-0.8182,0.0000,1.4785,0.0000,-1.2009,0.0000,0.4364,0.0000
-1.5708,0.0000,-1.5708,0.0000,1.0082,0.0000,-0.2194,0.0000,-0.8112,0.0000,1.4789,0.0000,-1.1950,0.0000,0.4483,0.0000
-1.5708,0.0000,-1.5708,0.0000,1.0229,0.0000,-0.1898,0.0000,-0.8042,0.0000,1.4792,0.0000,-1.1892,0.0000,0.4602,0.0000
-1.5708,0.0000,-1.5708,0.0000,1.0229,0.0000,-0.1898,0.0000,-0.8042,0.0000,1.4792,0.0000,-1.1892,0.0000,0.4602,0.0000
-1.5708,0.0000,-1.5708,0.0000,1.0312,0.0000,-0.1809,0.0000,-0.8048,0.0000,1.4730,0.0000,-1.1904,0.0000,0.4745,0.0000
-1.5708,0.0000,-1.5708,0.0000,1.0396,0.0000,-0.1719,0.0000,-0.8053,0.0000,1.4669,0.0000,-1.1916,0.0000,0.4888,0.0000
-1.5708,0.0000,-1.5708,0.0000,1.0479,0.0000,-0.1630,0.0000,-0.8059,0.0000,1.4607,0.0000,-1.1927,0.0000,0.5030,0.0000
-1.5708,0.0000,-1.5708,0.0000,1.0562,0.0000,-0.1540,0.0000,-0.8064,0.0000,1.4545,0.0000,-1.1939,0.0000,0.5173,0.0000
-1.5708,0.0000,-1.5708,0.0000,1.0646,0.0000,-0.1451,0.0000,-0.8070,0.0000,1.4484,0.0000,-1.1951,0.0000,0.5316,0.0000
-1.5708,0.0000,-1.5708,0.0000,1.0729,0.0000,-0.1361,0.0000,-0.8075,0.0000,1.4422,0.0000,-1.1963,0.0000,0.5459,0.0000
-1.5708,0.0000,-1.5708,0.0000,1.0812,0.0000,-0.1272,0.0000,-0.8081,0.0000,1.4360,0.0000,-1.1975,0.0000,0.5602,0.0000
-1.5708,0.0000,-1.5708,0.0000,1.0896,0.0000,-0.1183,0.0000,-0.8086,0.0000,1.4299,0.0000,-1.1987,0.0000,0.5745,0.0000
-1.5708,0.0000,-1.5708,0.0000,1.0979,0.0000,-0.1093,0.0000,-0.8092,0.0000,1.4237,0.0000,-1.1999,0.0000,0.5887,0.0000
-1.5708,0.0000,-1.5708,0.0000,1.1062,0.0000,-0.1004,0.0000,-0.8097,0.0000,1.4175,0.0000,-1.2011,0.0000,0.6030,0.0000
-1.5708,0.0000,-1.5708,0.0000,1.1062,0.0000,-0.1004,0.0000,-0.8097,0.0000,1.4175,0.0000,-1.2011,0.0000,0.6030,0.0000
-1.5708,0.0000,-1.5708,0.0000,1.1216,0.0000,-0.0901,0.0000,-0.8071,0.0000,1.4081,0.0000,-1.2075,0.0000,0.6097,0.0000
-1.5708,0.0000,-1.5708,0.0000,1.1370,0.0000,-0.0799,0.0000,-0.8045,0.0000,1.3986,0.0000,-1.2139,0.0000,0.6164,0.0000
-1.5708,0.0000,-1.5708,0.0000,1.1523,0.0000,-0.0696,0.0000,-0.8019,0.0000,1.3892,0.0000,-1.2203,0.0000,0.6231,0.0000
-1.5708,0.0000,-1.5708,0.0000,1.1677,0.0000,-0.0593,0.0000,-0.7992,0.0000,1.3797,0.0000,-1.2267,0.0000,0.6298,0.0000
-1.5708,0.0000,-1.5708,0.0000,1.1831,0.0000,-0.0491,0.0000,-0.7966,0.0000,1.3703,0.0000,-1.2330,0.0000,0.6365,0.0000
-1.5708,0.0000,-1.5708,0.0000,1.1984,0.0000,-0.0388,0.0000,-0.7940,0.0000,1.3608,0.0000,-1.2394,0.0000,0.6432,0.0000
-1.5708,0.0000,-1.5708,0.0000,1.2138,0.0000,-0.0286,0.0000,-0.7914,0.0000,1.3514,0.0000,-1.2458,0.0000,0.6499,0.0000
-1.5708,0.0000,-1.5708,0.0000,1.2291,0.0000,-0.0183,0.0000,-0.7888,0.0000,1.3419,0.0000,-1.2522,0.0000,0.6566,0.0000
-1.5708,0.0000,-1.5708,0.0000,1.2445,0.0000,-0.0081,0.0000,-0.7861,0.0000,1.3325,0.0000,-1.2586,0.0000,0.6633,0.0000
-1.5708,0.0000,-1.5708,0.0000,1.2599,0.0000,0.0022,0.0000,-0.7835,0.0000,1.3230,0.0000,-1.2650,0.0000,0.6700,0.0000
-1.5708,0.0000,-1.5708,0.0000,1.2599,0.0000,0.0022,0.0000,-0.7835,0.0000,1.3230,0.0000,-1.2650,0.0000,0.6700,0.0000
-1.5708,0.0000,-1.5708,0.0000,1.2644,0.0000,-0.0082,0.0000,-0.7879,0.0000,1.3249,0.0000,-1.2576,0.0000,0.6739,0.0000
-1.5708,0.0000,-1.5708,0.0000,1.2689,0.0000,-0.0186,0.0000,-0.7924,0.0000,1.3267,0.0000,-1.2502,0.0000,0.6777,0.0000
-1.5708,0.0000,-1.5708,0.0000,1.2734,0.0000,-0.0289,0.0000,-0.7968,0.0000,1.3285,0.0000,-1.2428,0.0000,0.6816,0.0000
-1.5708,0.0000,-1.5708,0.0000,1.2779,0.0000,-0.0393,0.0000,-0.8012,0.0000,1.3303,0.0000,-1.2353,0.0000,0.6855,0.0000
-1.5708,0.0000,-1.5708,0.0000,1.2825,0.0000,-0.0497,0.0000,-0.8057,0.0000,1.3321,0.0000,-1.2279,0.0000,0.6894,0.0000
-1.5708,0.0000,-1.5708,0.0000,1.2870,0.0000,-0.0601,0.0000,-0.8101,0.0000,1.3339,0.0000,-1.2205,0.0000,0.6933,0.0000
-1.5708,0.0000,-1.5708,0.0000,1.2915,0.0000,-0.0704,0.0000,-0.8145,0.0000,1.3357,0.0000,-1.2130,0.0000,0.6971,0.0000
-1.5708,0.0000,-1.5708,0.0000,1.2960,0.0000,-0.0808,0.0000,-0.8190,0.0000,1.3376,0.0000,-1.2056,0.0000,0.7010,0.0000
-1.5708,0.0000,-1.5708,0.0000,1.3005,0.0000,-0.0912,0.0000,-0.8234,0.0000,1.3394,0.0000,-1.1982,0.0000,0.7049,0.0000
-1.5708,0.0000,-1.5708,0.0000,1.3050,0.0000,-0.1016,0.0000,-0.8278,0.0000,1.3412,0.0000,-1.1908,0.0000,0.7088,0.0000
-1.5708,0.0000,-1.5708,0.0000,1.3050,0.0000,-0.1016,0.0000,-0.8278,0.0000,1.3412,0.0000,-1.1908,0.0000,0.7088,0.0000
-1.5708,0.0000,-1.5708,0.0000,1.3117,0.0000,-0.1003,0.0000,-0.8186,0.0000,1.3348,0.0000,-1.2008,0.0000,0.7319,0.0000
-1.5708,0.0000,-1.5708,0.0000,1.3184,0.0000,-0.0991,0.0000,-0.8093,0.0000,1.3284,0.0000,-1.2108,0.0000,0.7550,0.0000
-1.5708,0.0000,-1.5708,0.0000,1.3251,0.0000,-0.0979,0.0000,-0.8001,0.0000,1.3219,0.0000,-1.2208,0.0000,0.7781,0.0000
-1.5708,0.0000,-1.5708,0.0000,1.3318,0.0000,-0.0967,0.0000,-0.7908,0.0000,1.3155,0.0000,-1.2308,0.0000,0.8012,0.0000
-1.5708,0.0000,-1.5708,0.0000,1.3385,0.0000,-0.0955,0.0000,-0.7816,0.0000,1.3091,0.0000,-1.2408,0.0000,0.8243,0.0000
-1.5708,0.0000,-1.5708,0.0000,1.3452,0.0000,-0.0943,0.0000,-0.7723,0.0000,1.3027,0.0000,-1.2508,0.0000,0.8474,0.0000
-1.5708,0.0000,-1.5708,0.0000,1.3519,0.0000,-0.0931,0.0000,-0.7631,0.0000,1.2963,0.0000,-1.2608,0.0000,0.8705,0.0000
-1.5708,0.0000,-1.5708,0.0000,1.3586,0.0000,-0.0918,0.0000,-0.7538,0.0000,1.2899,0.0000,-1.2708,0.0000,0.8937,0.0000
-1.5708,0.0000,-1.5708,0.0000,1.3653,0.0000,-0.0906,0.0000,-0.7446,0.0000,1.2835,0.0000,-1.2808,0.0000,0.9168,0.0000
-1.5708,0.0000,-1.5708,0.0000,1.3720,0.0000,-0.0894,0.0000,-0.7353,0.0000,1.2771,0.0000,-1.2908,0.0000,0.9399,0.0000
-1.5708,0.0000,-1.5708,0.0000,1.3720,0.0000,-0.0894,0.0000,-0.7353,0.0000,1.2771,0.0000,-1.2908,0.0000,0.9399,0.0000
-1.5708,0.0000,-1.5708,0.0000,1.3717,0.0000,-0.0964,0.0000,-0.7109,0.0000,1.2803,0.0000,-1.3071,0.0000,0.9489,0.0000
-1.5708,0.0000,-1.5708,0.0000,1.3714,0.0000,-0.1035,0.0000,-0.6864,0.0000,1.2835,0.0000,-1.3235,0.0000,0.9579,0.0000
-1.5708,0.0000,-1.5708,0.0000,1.3711,0.0000,-0.1105,0.0000,-0.6619,0.0000,1.2867,0.0000,-1.3398,0.0000,0.9670,0.0000
-1.5708,0.0000,-1.5708,0.0000,1.3708,0.0000,-0.1175,0.0000,-0.6374,0.0000,1.2899,0.0000,-1.3561,0.0000,0.9760,0.0000
-1.5708,0.0000,-1.5708,0.0000,1.3705,0.0000,-0.1246,0.0000,-0.6129,0.0000,1.2931,0.0000,-1.3725,0.0000,0.9850,0.0000
-1.5708,0.0000,-1.5708,0.0000,1.3702,0.0000,-0.1316,0.0000,-0.5884,0.0000,1.2963,0.0000,-1.3888,0.0000,0.9940,0.0000
-1.5708,0.0000,-1.5708,0.0000,1.3699,0.0000,-0.1386,0.0000,-0.5639,0.0000,1.2995,0.0000,-1.4051,0.0000,1.0031,0.0000
-1.5708,0.0000,-1.5708,0.0000,1.3696,0.0000,-0.1457,0.0000,-0.5394,0.0000,1.3028,0.0000,-1.4214,0.0000,1.0121,0.0000
-1.5708,0.0000,-1.5708,0.0000,1.3693,0.0000,-0.1527,0.0000,-0.5149,0.0000,1.3060,0.0000,-1.4378,0.0000,1.0211,0.0000
-1.5708,0.0000,-1.5708,0.0000,1.3690,0.0000,-0.1597,0.0000,-0.4904,0.0000,1.3092,0.0000,-1.4541,0.0000,1.0302,0.0000
-1.5708,0.0000,-1.5708,0.0000,1.3690,0.0000,-0.1597,0.0000,-0.4904,0.0000,1.3092,0.0000,-1.4541,0.0000,1.0302,0.0000
-1.5708,0.0000,-1.5708,0.0000,1.3746,0.0000,-0.1935,0.0000,-0.4621,0.0000,1.2999,0.0000,-1.4575,0.0000,1.0267,0.0000
-1.5708,0.0000,-1.5708,0.0000,1.3803,0.0000,-0.2273,0.0000,-0.4338,0.0000,1.2907,0.0000,-1.4609,0.0000,1.0233,0.0000
-1.5708,0.0000,-1.5708,0.0000,1.3859,0.0000,-0.2611,0.0000,-0.4055,0.0000,1.2815,0.0000,-1.4642,0.0000,1.0199,0.0000
-1.5708,0.0000,-1.5708,0.0000,1.3915,0.0000,-0.2949,0.0000,-0.3773,0.0000,1.2722,0.0000,-1.4676,0.0000,1.0165,0.0000
-1.5708,0.0000,-1.5708,0.0000,1.3972,0.0000,-0.3287,0.0000,-0.3490,0.0000,1.2630,0.0000,-1.4710,0.0000,1.0131,0.0000
-1.5708,0.0000,-1.5708,0.0000,1.4028,0.0000,-0.3625,0.0000,-0.3207,0.0000,1.2538,0.0000,-1.4744,0.0000,1.0096,0.0000
-1.5708,0.0000,-1.5708,0.0000,1.4084,0.0000,-0.3962,0.0000,-0.2924,0.0000,1.2446,0.0000,-1.4778,0.0000,1.0062,0.0000
-1.5708,0.0000,-1.5708,0.0000,1.4141,0.0000,-0.4300,0.0000,-0.2641,0.0000,1.2353,0.0000,-1.4812,0.0000,1.0028,0.0000
-1.5708,0.0000,-1.5708,0.0000,1.4197,0.0000,-0.4638,0.0000,-0.2358,0.0000,1.2261,0.0000,-1.4845,0.0000,0.9994,0.0000
-1.5708,0.0000,-1.5708,0.0000,1.4253,0.0000,-0.4976,0.0000,-0.2076,0.0000,1.2169,0.0000,-1.4879,0.0000,0.9960,0.0000
-1.5708,0.0000,-1.5708,0.0000,1.4253,0.0000,-0.4976,0.0000,-0.2076,0.0000,1.2169,0.0000,-1.4879,0.0000,0.9960,0.0000
-1.5708,0.0000,-1.5708,0.0000,1.4194,0.0000,-0.5385,0.0000,-0.2136,0.0000,1.1890,0.0000,-1.4879,0.0000,0.9989,0.0000
-1.5708,0.0000,-1.5708,0.0000,1.4135,0.0000,-0.5793,0.0000,-0.2196,0.0000,1.1612,0.0000,-1.4878,0.0000,1.0019,0.0000
-1.5708,0.0000,-1.5708,0.0000,1.4076,0.0000,-0.6202,0.0000,-0.2256,0.0000,1.1334,0.0000,-1.4878,0.0000,1.0048,0.0000
-1.5708,0.0000,-1.5708,0.0000,1.4017,0.0000,-0.6610,0.0000,-0.2316,0.0000,1.1056,0.0000,-1.4877,0.0000,1.0077,0.0000
-1.5708,0.0000,-1.5708,0.0000,1.3958,0.0000,-0.7019,0.0000,-0.2376,0.0000,1.0777,0.0000,-1.4876,0.0000,1.0107,0.0000
-1.5708,0.0000,-1.5708,0.0000,1.3899,0.0000,-0.7428,0.0000,-0.2436,0.0000,1.0499,0.0000,-1.4876,0.0000,1.0136,0.0000
-1.5708,0.0000,-1.5708,0.0000,1.3840,0.0000,-0.7836,0.0000,-0.2496,0.0000,1.0221,0.0000,-1.4875,0.0000,1.0166,0.0000
-1.5708,0.0000,-1.5708,0.0000,1.3781,0.0000,-0.8245,0.0000,-0.2556,0.0000,0.9943,0.0000,-1.4875,0.0000,1.0195,0.0000
-1.5708,0.0000,-1.5708,0.0000,1.3722,0.0000,-0.8653,0.0000,-0.2617,0.0000,0.9664,0.0000,-1.4874,0.0000,1.0224,0.0000
-1.5708,0.0000,-1.5708,0.0000,1.3663,0.0000,-0.9062,0.0000,-0.2677,0.0000,0.9386,0.0000,-1.4874,0.0000,1.0254,0.0000
-1.5708,0.0000,-1.5708,0.0000,1.3663,0.0000,-0.9062,0.0000,-0.2677,0.0000,0.9386,0.0000,-1.4874,0.0000,1.0254,0.0000
-1.5708,0.0000,-1.5708,0.0000,1.3636,0.0000,-0.9205,0.0000,-0.2840,0.0000,0.9104,0.0000,-1.4857,0.0000,1.0387,0.0000
-1.5708,0.0000,-1.5708,0.0000,1.3609,0.0000,-0.9348,0.0000,-0.3003,0.0000,0.8823,0.0000,-1.4841,0.0000,1.0521,0.0000
-1.5708,0.0000,-1.5708,0.0000,1.3581,0.0000,-0.9490,0.0000,-0.3167,0.0000,0.8541,0.0000,-1.4824,0.0000,1.0654,0.0000
-1.5708,0.0000,-1.5708,0.0000,1.3554,0.0000,-0.9633,0.0000,-0.3330,0.0000,0.8259,0.0000,-1.4808,0.0000,1.0788,0.0000
-1.5708,0.0000,-1.5708,0.0000,1.3527,0.0000,-0.9776,0.0000,-0.3493,0.0000,0.7978,0.0000,-1.4791,0.0000,1.0921,0.0000
-1.5708,0.0000,-1.5708,0.0000,1.3499,0.0000,-0.9919,0.0000,-0.3656,0.0000,0.7696,0.0000,-1.4775,0.0000,1.1055,0.0000
-1.5708,0.0000,-1.5708,0.0000,1.3472,0.0000,-1.0062,0.0000,-0.3820,0.0000,0.7414,0.0000,-1.4758,0.0000,1.1189,0.0000
-1.5708,0.0000,-1.5708,0.0000,1.3445,0.0000,-1.0204,0.0000,-0.3983,0.0000,0.7132,0.0000,-1.4742,0.0000,1.1322,0.0000
-1.5708,0.0000,-1.5708,0.0000,1.3417,0.0000,-1.0347,0.0000,-0.4146,0.0000,0.6851,0.0000,-1.4725,0.0000,1.1456,0.0000
-1.5708,0.0000,-1.5708,0.0000,1.3390,0.0000,-1.0490,0.0000,-0.4310,0.0000,0.6569,0.0000,-1.4708,0.0000,1.1589,0.0000
-1.5708,0.0000,-1.5708,0.0000,1.3390,0.0000,-1.0490,0.0000,-0.4310,0.0000,0.6569,0.0000,-1.4708,0.0000,1.1589,0.0000
-1.5708,0.0000,-1.5708,0.0000,1.3442,0.0000,-1.0025,0.0000,-0.4019,0.0000,0.6338,0.0000,-1.4724,0.0000,1.1909,0.0000
-1.5708,0.0000,-1.5708,0.0000,1.3494,0.0000,-0.9560,0.0000,-0.3728,0.0000,0.6107,0.0000,-1.4740,0.0000,1.2228,0.0000
-1.5708,0.0000,-1.5708,0.0000,1.3546,0.0000,-0.9094,0.0000,-0.3437,0.0000,0.5876,0.0000,-1.4756,0.0000,1.2548,0.0000
-1.5708,0.0000,-1.5708,0.0000,1.3599,0.0000,-0.8629,0.0000,-0.3146,0.0000,0.5644,0.0000,-1.4772,0.0000,1.2868,0.0000
-1.5708,0.0000,-1.5708,0.0000,1.3651,0.0000,-0.8164,0.0000,-0.2855,0.0000,0.5413,0.0000,-1.4787,0.0000,1.3187,0.0000
-1.5708,0.0000,-1.5708,0.0000,1.3703,0.0000,-0.7699,0.0000,-0.2564,0.0000,0.5182,0.0000,-1.4803,0.0000,1.3507,0.0000
-1.5708,0.0000,-1.5708,0.0000,1.3755,0.0000,-0.7234,0.0000,-0.2273,0.0000,0.4951,0.0000,-1.4819,0.0000,1.3826,0.0000
-1.5708,0.0000,-1.5708,0.0000,1.3807,0.0000,-0.6768,0.0000,-0.1982,0.0000,0.4720,0.0000,-1.4835,0.0000,1.4146,0.0000
-1.5708,0.0000,-1.5708,0.0000,1.3859,0.0000,-0.6303,0.0000,-0.1691,0.0000,0.4489,0.0000,-1.4851,0.0000,1.4466,0.0000
-1.5708,0.0000,-1.5708,0.0000,1.3911,0.0000,-0.5838,0.0000,-0.1400,0.0000,0.4258,0.0000,-1.4866,0.0000,1.4785,0.0000
-1.5708,0.0000,-1.5708,0.0000,1.3911,0.0000,-0.5838,0.0000,-0.1400,0.0000,0.4258,0.0000,-1.4866,0.0000,1.4785,0.0000
-1.5708,0.0000,-1.5708,0.0000,1.3911,0.0000,-0.5838,0.0000,-0.1400,0.0000,0.4258,0.0000,-1.4866,0.0000,1.4785,0.0000
-1.5708,0.0000,-1.5708,0.0000,1.3911,0.0000,-0.5838,0.0000,-0.1400,0.0000,0.4258,0.0000,-1.4866,0.0000,1.4785,0.0000
-1.5708,0.0000,-1.5708,0.0000,1.3911,0.0000,-0.5838,0.0000,-0.1400,0.0000,0.4258,0.0000,-1.4866,0.0000,1.4785,0.0000
-1.5708,0.0000,-1.5708,0.0000,1.3911,0.0000,-0.5838,0.0000,-0.1400,0.0000,0.4258,0.0000,-1.4866,0.0000,1.4785,0.0000
-1.5708,0.0000,-1.5708,0.0000,1.3911,0.0000,-0.5838,0.0000,-0.1400,0.0000,0.4258,0.0000,-1.4866,0.0000,1.4785,0.0000
-1.5708,0.0000,-1.5708,0.0000,1.3911,0.0000,-0.5838,0.0000,-0.1400,0.0000,0.4258,0.0000,-1.4866,0.0000,1.4785,0.0000
-1.5708,0.0000,-1.5708,0.0000,1.3911,0.0000,-0.5838,0.0000,-0.1400,0.0000,0.4258,0.0000,-1.4866,0.0000,1.4785,0.0000
-1.5708,0.0000,-1.5708,0.0000,1.3911,0.0000,-0.5838,0.0000,-0.1400,0.0000,0.4258,0.0000,-1.4866,0.0000,1.4785,0.0000
-1.5708,0.0000,-1.5708,0.0000,1.3911,0.0000,-0.5838,0.0000,-0.1400,0.0000,0.4258,0.0000,-1.4866,0.0000,1.4785,0.0000
-1.5708,0.0000,-1.5708,0.0000,1.3911,0.0000,-0.5838,0.0000,-0.1400,0.0000,0.4258,0.0000,-1.4866,0.0000,1.4785,0.0000
-1.5708,0.0000,-1.5708,0.0000,1.3911,0.0000,-0.5838,0.0000,-0.1400,0.0000,0.4258,0.0000,-1.4866,0.0000,1.4785,0.0000
-1.5708,0.0000,-1.5708,0.0000,1.3904,0.0000,-0.5852,0.0000,-0.1396,0.0000,0.4298,0.0000,-1.4816,0.0000,1.4702,0.0000
-1.5708,0.0000,-1.5708,0.0000,1.3898,0.0000,-0.5867,0.0000,-0.1391,0.0000,0.4338,0.0000,-1.4766,0.0000,1.4618,0.0000
-1.5708,0.0000,-1.5708,0.0000,1.3891,0.0000,-0.5881,0.0000,-0.1386,0.0000,0.4378,0.0000,-1.4717,0.0000,1.4534,0.0000
-1.5708,0.0000,-1.5708,0.0000,1.3884,0.0000,-0.5895,0.0000,-0.1381,0.0000,0.4418,0.0000,-1.4667,0.0000,1.4451,0.0000
-1.5708,0.0000,-1.5708,0.0000,1.3877,0.0000,-0.5909,0.0000,-0.1376,0.0000,0.4458,0.0000,-1.4617,0.0000,1.4367,0.0000
-1.5708,0.0000,-1.5708,0.0000,1.3870,0.0000,-0.5923,0.0000,-0.1371,0.0000,0.4499,0.0000,-1.4567,0.0000,1.4283,0.0000
-1.5708,0.0000,-1.5708,0.0000,1.3863,0.0000,-0.5938,0.0000,-0.1366,0.0000,0.4539,0.0000,-1.4517,0.0000,1.4200,0.0000
-1.5708,0.0000,-1.5708,0.0000,1.3857,0.0000,-0.5952,0.0000,-0.1362,0.0000,0.4579,0.0000,-1.4467,0.0000,1.4116,0.0000
-1.5708,0.0000,-1.5708,0.0000,1.3850,0.0000,-0.5966,0.0000,-0.1357,0.0000,0.4619,0.0000,-1.4417,0.0000,1.4032,0.0000
-1.5708,0.0000,-1.5708,0.0000,1.3843,0.0000,-0.5980,0.0000,-0.1352,0.0000,0.4659,0.0000,-1.4367,0.0000,1.3949,0.0000
-1.5708,0.0000,-1.5708,0.0000,1.3843,0.0000,-0.5980,0.0000,-0.1352,0.0000,0.4659,0.0000,-1.4367,0.0000,1.3949,0.0000
-1.5708,0.0000,-1.5708,0.0000,1.3835,0.0000,-0.5991,0.0000,-0.1350,0.0000,0.4698,0.0000,-1.4320,0.0000,1.3872,0.0000
-1.5708,0.0000,-1.5708,0.0000,1.3827,0.0000,-0.6002,0.0000,-0.1348,0.0000,0.4737,0.0000,-1.4273,0.0000,1.3795,0.0000
-1.5708,0.0000,-1.5708,0.0000,1.3819,0.0000,-0.6013,0.0000,-0.1346,0.0000,0.4776,0.0000,-1.4226,0.0000,1.3719,0.0000
-1.5708,0.0000,-1.5708,0.0000,1.3811,0.0000,-0.6024,0.0000,-0.1344,0.0000,0.4815,0.0000,-1.4179,0.0000,1.3642,0.0000
-1.5708,0.0000,-1.5708,0.0000,1.3803,0.0000,-0.6035,0.0000,-0.1342,0.0000,0.4854,0.0000,-1.4132,0.0000,1.3565,0.0000
-1.5708,0.0000,-1.5708,0.0000,1.3795,0.0000,-0.6046,0.0000,-0.1340,0.0000,0.4893,0.0000,-1.4085,0.0000,1.3488,0.0000
-1.5708,0.0000,-1.5708,0.0000,1.3788,0.0000,-0.6057,0.0000,-0.1338,0.0000,0.4932,0.0000,-1.4038,0.0000,1.3412,0.0000
-1.5708,0.0000,-1.5708,0.0000,1.3780,0.0000,-0.6068,0.0000,-0.1336,0.0000,0.4971,0.0000,-1.3991,0.0000,1.3335,0.0000
-1.5708,0.0000,-1.5708,0.0000,1.3772,0.0000,-0.6079,0.0000,-0.1334,0.0000,0.5010,0.0000,-1.3944,0.0000,1.3258,0.0000
-1.5708,0.0000,-1.5708,0.0000,1.3764,0.0000,-0.6090,0.0000,-0.1332,0.0000,0.5049,0.0000,-1.3897,0.0000,1.3182,0.0000
-1.5708,0.0000,-1.5708,0.0000,1.3764,0.0000,-0.6090,0.0000,-0.1332,0.0000,0.5049,0.0000,-1.3897,0.0000,1.3182,0.0000
-1.5708,0.0000,-1.5708,0.0000,1.3755,0.0000,-0.6099,0.0000,-0.1333,0.0000,0.5086,0.0000,-1.3851,0.0000,1.3111,0.0000
-1.5708,0.0000,-1.5708,0.0000,1.3747,0.0000,-0.6107,0.0000,-0.1333,0.0000,0.5123,0.0000,-1.3806,0.0000,1.3040,0.0000
-1.5708,0.0000,-1.5708,0.0000,1.3738,0.0000,-0.6115,0.0000,-0.1333,0.0000,0.5160,0.0000,-1.3760,0.0000,1.2969,0.0000
-1.5708,0.0000,-1.5708,0.0000,1.3730,0.0000,-0.6123,0.0000,-0.1333,0.0000,0.5197,0.0000,-1.3715,0.0000,1.2898,0.0000
-1.5708,0.0000,-1.5708,0.0000,1.3721,0.0000,-0.6132,0.0000,-0.1334,0.0000,0.5234,0.0000,-1.3669,0.0000,1.2827,0.0000
-1.5708,0.0000,-1.5708,0.0000,1.3712,0.0000,-0.6140,0.0000,-0.1334,0.0000,0.5271,0.0000,-1.3624,0.0000,1.2756,0.0000
-1.5708,0.0000,-1.5708,0.0000,1.3704,0.0000,-0.6148,0.0000,-0.1334,0.0000,0.5308,0.0000,-1.3578,0.0000,1.2685,0.0000
-1.5708,0.0000,-1.5708,0.0000,1.3695,0.0000,-0.6157,0.0000,-0.1334,0.0000,0.5346,0.0000,-1.3533,0.0000,1.2614,0.0000
-1.5708,0.0000,-1.5708,0.0000,1.3687,0.0000,-0.6165,0.0000,-0.1335,0.0000,0.5383,0.0000,-1.3487,0.0000,1.2543,0.0000
-1.5708,0.0000,-1.5708,0.0000,1.3678,0.0000,-0.6173,0.0000,-0.1335,0.0000,0.5420,0.0000,-1.3442,0.0000,1.2472,0.0000
-1.5708,0.0000,-1.5708,0.0000,1.3678,0.0000,-0.6173,0.0000,-0.1335,0.0000,0.5420,0.0000,-1.3442,0.0000,1.2472,0.0000
-1.5708,0.0000,-1.5708,0.0000,1.3669,0.0000,-0.6179,0.0000,-0.1337,0.0000,0.5455,0.0000,-1.3397,0.0000,1.2405,0.0000
-1.5708,0.0000,-1.5708,0.0000,1.3660,0.0000,-0.6185,0.0000,-0.1339,0.0000,0.5490,0.0000,-1.3352,0.0000,1.2339,0.0000
-1.5708,0.0000,-1.5708,0.0000,1.3651,0.0000,-0.6191,0.0000,-0.1341,0.0000,0.5525,0.0000,-1.3307,0.0000,1.2273,0.0000
-1.5708,0.0000,-1.5708,0.0000,1.3642,0.0000,-0.6197,0.0000,-0.1343,0.0000,0.5561,0.0000,-1.3263,0.0000,1.2206,0.0000
-1.5708,0.0000,-1.5708,0.0000,1.3633,0.0000,-0.6203,0.0000,-0.1345,0.0000,0.5596,0.0000,-1.3218,0.0000,1.2140,0.0000
-1.5708,0.0000,-1.5708,0.0000,1.3624,0.0000,-0.6209,0.0000,-0.1347,0.0000,0.5631,0.0000,-1.3173,0.0000,1.2074,0.0000
-1.5708,0.0000,-1.5708,0.0000,1.3615,0.0000,-0.6215,0.0000,-0.1348,0.0000,0.5666,0.0000,-1.3128,0.0000,1.2007,0.0000
-1.5708,0.0000,-1.5708,0.0000,1.3606,0.0000,-0.6221,0.0000,-0.1350,0.0000,0.5701,0.0000,-1.3083,0.0000,1.1941,0.0000
-1.5708,0.0000,-1.5708,0.0000,1.3596,0.0000,-0.6227,0.0000,-0.1352,0.0000,0.5736,0.0000,-1.3039,0.0000,1.1875,0.0000
-1.5708,0.0000,-1.5708,0.0000,1.3587,0.0000,-0.6233,0.0000,-0.1354,0.0000,0.5771,0.0000,-1.2994,0.0000,1.1808,0.0000
-1.5708,0.0000,-1.5708,0.0000,1.3587,0.0000,-0.6233,0.0000,-0.1354,0.0000,0.5771,0.0000,-1.2994,0.0000,1.1808,0.0000
-1.5708,0.0000,-1.5708,0.0000,1.3578,0.0000,-0.6237,0.0000,-0.1358,0.0000,0.5805,0.0000,-1.2949,0.0000,1.1746,0.0000
-1.5708,0.0000,-1.5708,0.0000,1.3569,0.0000,-0.6241,0.0000,-0.1361,0.0000,0.5838,0.0000,-1.2905,0.0000,1.1683,0.0000
-1.5708,0.0000,-1.5708,0.0000,1.3559,0.0000,-0.6245,0.0000,-0.1365,0.0000,0.5871,0.0000,-1.2860,0.0000,1.1621,0.0000
-1.5708,0.0000,-1.5708,0.0000,1.3550,0.0000,-0.6249,0.0000,-0.1368,0.0000,0.5904,0.0000,-1.2815,0.0000,1.1558,0.0000
-1.5708,0.0000,-1.5708,0.0000,1.3541,0.0000,-0.6253,0.0000,-0.1371,0.0000,0.5938,0.0000,-1.2771,0.0000,1.1496,0.0000
-1.5708,0.0000,-1.5708,0.0000,1.3531,0.0000,-0.6257,0.0000,-0.1375,0.0000,0.5971,0.0000,-1.2726,0.0000,1.1433,0.0000
-1.5708,0.0000,-1.5708,0.0000,1.3522,0.0000,-0.6261,0.0000,-0.1378,0.0000,0.6004,0.0000,-1.2682,0.0000,1.1370,0.0000
-1.5708,0.0000,-1.5708,0.0000,1.3513,0.0000,-0.6265,0.0000,-0.1382,0.0000,0.6037,0.0000,-1.2637,0.0000,1.1308,0.0000
-1.5708,0.0000,-1.5708,0.0000,1.3503,0.0000,-0.6269,0.0000,-0.1385,0.0000,0.6070,0.0000,-1.2592,0.0000,1.1245,0.0000
-1.5708,0.0000,-1.5708,0.0000,1.3494,0.0000,-0.6273,0.0000,-0.1388,0.0000,0.6104,0.0000,-1.2548,0.0000,1.1183,0.0000
-1.5708,0.0000,-1.5708,0.0000,1.3494,0.0000,-0.6273,0.0000,-0.1388,0.0000,0.6104,0.0000,-1.2548,0.0000,1.1183,0.0000
-1.5708,0.0000,-1.5708,0.0000,1.3485,0.0000,-0.6276,0.0000,-0.1393,0.0000,0.6135,0.0000,-1.2503,0.0000,1.1123,0.0000
-1.5708,0.0000,-1.5708,0.0000,1.3475,0.0000,-0.6278,0.0000,-0.1398,0.0000,0.6167,0.0000,-1.2458,0.0000,1.1064,0.0000
-1.5708,0.0000,-1.5708,0.0000,1.3466,0.0000,-0.6280,0.0000,-0.1403,0.0000,0.6198,0.0000,-1.2413,0.0000,1.1004,0.0000
-1.5708,0.0000,-1.5708,0.0000,1.3456,0.0000,-0.6283,0.0000,-0.1407,0.0000,0.6229,0.0000,-1.2368,0.0000,1.0945,0.0000
-1.5708,0.0000,-1.5708,0.0000,1.3447,0.0000,-0.6285,0.0000,-0.1412,0.0000,0.6261,0.0000,-1.2323,0.0000,1.0886,0.0000
-1.5708,0.0000,-1.5708,0.0000,1.3437,0.0000,-0.6288,0.0000,-0.1417,0.0000,0.6292,0.0000,-1.2278,0.0000,1.0826,0.0000
-1.5708,0.0000,-1.5708,0.0000,1.3428,0.0000,-0.6290,0.0000,-0.1421,0.0000,0.6324,0.0000,-1.2234,0.0000,1.0767,0.0000
-1.5708,0.0000,-1.5708,0.0000,1.3418,0.0000,-0.6292,0.0000,-0.1426,0.0000,0.6355,0.0000,-1.2189,0.0000,1.0707,0.0000
-1.5708,0.0000,-1.5708,0.0000,1.3409,0.0000,-0.6295,0.0000,-0.1431,0.0000,0.6387,0.0000,-1.2144,0.0000,1.0648,0.0000
-1.5708,0.0000,-1.5708,0.0000,1.3399,0.0000,-0.6297,0.0000,-0.1435,0.0000,0.6418,0.0000,-1.2099,0.0000,1.0588,0.0000
-1.5708,0.0000,-1.5708,0.0000,1.3399,0.0000,-0.6297,0.0000,-0.1435,0.0000,0.6418,0.0000,-1.2099,0.0000,1.0588,0.0000
-1.5708,0.0000,-1.5708,0.0000,1.3390,0.0000,-0.6298,0.0000,-0.1441,0.0000,0.6448,0.0000,-1.2053,0.0000,1.0531,0.0000
-1.5708,0.0000,-1.5708,0.0000,1.3380,0.0000,-0.6299,0.0000,-0.1447,0.0000,0.6478,0.0000,-1.2008,0.0000,1.0474,0.0000
-1.5708,0.0000,-1.5708,0.0000,1.3371,0.0000,-0.6300,0.0000,-0.1453,0.0000,0.6507,0.0000,-1.1963,0.0000,1.0417,0.0000
-1.5708,0.0000,-1.5708,0.0000,1.3361,0.0000,-0.6300,0.0000,-0.1459,0.0000,0.6537,0.0000,-1.1917,0.0000,1.0360,0.0000
-1.5708,0.0000,-1.5708,0.0000,1.3352,0.0000,-0.6301,0.0000,-0.1465,0.0000,0.6567,0.0000,-1.1872,0.0000,1.0303,0.0000
-1.5708,0.0000,-1.5708,0.0000,1.3342,0.0000,-0.6302,0.0000,-0.1471,0.0000,0.6597,0.0000,-1.1826,0.0000,1.0246,0.0000
-1.5708,0.0000,-1.5708,0.0000,1.3333,0.0000,-0.6303,0.0000,-0.1476,0.0000,0.6627,0.0000,-1.1781,0.0000,1.0190,0.0000
-1.5708,0.0000,-1.5708,0.0000,1.3323,0.0000,-0.6304,0.0000,-0.1482,0.0000,0.6657,0.0000,-1.1735,0.0000,1.0133,0.0000
-1.5708,0.0000,-1.5708,0.0000,1.3314,0.0000,-0.6305,0.0000,-0.1488,0.0000,0.6687,0.0000,-1.1690,0.0000,1.0076,0.0000
-1.5708,0.0000,-1.5708,0.0000,1.3304,0.0000,-0.6306,0.0000,-0.1494,0.0000,0.6716,0.0000,-1.1644,0.0000,1.0019,0.0000
-1.5708,0.0000,-1.5708,0.0000,1.3304,0.0000,-0.6306,0.0000,-0.1494,0.0000,0.6716,0.0000,-1.1644,0.0000,1.0019,0.0000
-1.5708,0.0000,-1.5708,0.0000,1.3295,0.0000,-0.6305,0.0000,-0.1501,0.0000,0.6745,0.0000,-1.1598,0.0000,0.9964,0.0000
-1.5708,0.0000,-1.5708,0.0000,1.3286,0.0000,-0.6305,0.0000,-0.1508,0.0000,0.6773,0.0000,-1.1552,0.0000,0.9909,0.0000
-1.5708,0.0000,-1.5708,0.0000,1.3276,0.0000,-0.6305,0.0000,-0.1515,0.0000,0.6802,0.0000,-1.1505,0.0000,0.9854,0.0000
-1.5708,0.0000,-1.5708,0.0000,1.3267,0.0000,-0.6304,0.0000,-0.1522,0.0000,0.6830,0.0000,-1.1459,0.0000,0.9798,0.0000
-1.5708,0.0000,-1.5708,0.0000,1.3257,0.0000,-0.6304,0.0000,-0.1529,0.0000,0.6859,0.0000,-1.1413,0.0000,0.9743,0.0000
-1.5708,0.0000,-1.5708,0.0000,1.3248,0.0000,-0.6303,0.0000,-0.1536,0.0000,0.6887,0.0000,-1.1366,0.0000,0.9688,0.0000
-1.5708,0.0000,-1.5708,0.0000,1.3238,0.0000,-0.6303,0.0000,-0.1543,0.0000,0.6916,0.0000,-1.1320,0.0000,0.9633,0.0000
-1.5708,0.0000,-1.5708,0.0000,1.3229,0.0000,-0.6303,0.0000,-0.1550,0.0000,0.6944,0.0000,-1.1274,0.0000,0.9578,0.0000
-1.5708,0.0000,-1.5708,0.0000,1.3220,0.0000,-0.6302,0.0000,-0.1557,0.0000,0.6973,0.0000,-1.1227,0.0000,0.9523,0.0000
-1.5708,0.0000,-1.5708,0.0000,1.3210,0.0000,-0.6302,0.0000,-0.1564,0.0000,0.7001,0.0000,-1.1181,0.0000,0.9468,0.0000
-1.5708,0.0000,-1.5708,0.0000,1.3210,0.0000,-0.6302,0.0000,-0.1564,0.0000,0.7001,0.0000,-1.1181,0.0000,0.9468,0.0000
-1.5708,0.0000,-1.5708,0.0000,1.3201,0.0000,-0.6300,0.0000,-0.1572,0.0000,0.7029,0.0000,-1.1133,0.0000,0.9415,0.0000
-1.5708,0.0000,-1.5708,0.0000,1.3192,0.0000,-0.6299,0.0000,-0.1580,0.0000,0.7056,0.0000,-1.1086,0.0000,0.9361,0.0000
-1.5708,0.0000,-1.5708,0.0000,1.3182,0.0000,-0.6297,0.0000,-0.1588,0.0000,0.7084,0.0000,-1.1039,0.0000,0.9308,0.0000
-1.5708,0.0000,-1.5708,0.0000,1.3173,0.0000,-0.6296,0.0000,-0.1596,0.0000,0.7111,0.0000,-1.0991,0.0000,0.9254,0.0000
-1.5708,0.0000,-1.5708,0.0000,1.3164,0.0000,-0.6294,0.0000,-0.1604,0.0000,0.7138,0.0000,-1.0944,0.0000,0.9200,0.0000
-1.5708,0.0000,-1.5708,0.0000,1.3154,0.0000,-0.6293,0.0000,-0.1612,0.0000,0.7166,0.0000,-1.0896,0.0000,0.9147,0.0000
-1.5708,0.0000,-1.5708,0.0000,1.3145,0.0000,-0.6291,0.0000,-0.1620,0.0000,0.7193,0.0000,-1.0849,0.0000,0.9093,0.0000
-1.5708,0.0000,-1.5708,0.0000,1.3136,0.0000,-0.6290,0.0000,-0.1628,0.0000,0.7221,0.0000,-1.0801,0.0000,0.9040,0.0000
-1.5708,0.0000,-1.5708,0.0000,1.3127,0.0000,-0.6288,0.0000,-0.1636,0.0000,0.7248,0.0000,-1.0754,0.0000,0.8986,0.0000
-1.5708,0.0000,-1.5708,0.0000,1.3117,0.0000,-0.6287,0.0000,-0.1645,0.0000,0.7276,0.0000,-1.0706,0.0000,0.8933,0.0000
-1.5708,0.0000,-1.5708,0.0000,1.3117,0.0000,-0.6287,0.0000,-0.1645,0.0000,0.7276,0.0000,-1.0706,0.0000,0.8933,0.0000
-1.5708,0.0000,-1.5708,0.0000,1.3108,0.0000,-0.6284,0.0000,-0.1654,0.0000,0.7302,0.0000,-1.0657,0.0000,0.8880,0.0000
-1.5708,0.0000,-1.5708,0.0000,1.3099,0.0000,-0.6281,0.0000,-0.1663,0.0000,0.7329,0.0000,-1.0609,0.0000,0.8827,0.0000
-1.5708,0.0000,-1.5708,0.0000,1.3090,0.0000,-0.6279,0.0000,-0.1672,0.0000,0.7355,0.0000,-1.0560,0.0000,0.8775,0.0000
-1.5708,0.0000,-1.5708,0.0000,1.3081,0.0000,-0.6276,0.0000,-0.1681,0.0000,0.7382,0.0000,-1.0511,0.0000,0.8722,0.0000
-1.5708,0.0000,-1.5708,0.0000,1.3072,0.0000,-0.6274,0.0000,-0.1690,0.0000,0.7408,0.0000,-1.0462,0.0000,0.8670,0.0000
-1.5708,0.0000,-1.5708,0.0000,1.3063,0.0000,-0.6271,0.0000,-0.1699,0.0000,0.7435,0.0000,-1.0413,0.0000,0.8617,0.0000
-1.5708,0.0000,-1.5708,0.0000,1.3054,0.0000,-0.6269,0.0000,-0.1709,0.0000,0.7461,0.0000,-1.0364,0.0000,0.8565,0.0000
-1.5708,0.0000,-1.5708,0.0000,1.3045,0.0000,-0.6266,0.0000,-0.1718,0.0000,0.7488,0.0000,-1.0316,0.0000,0.8512,0.0000
-1.5708,0.0000,-1.5708,0.0000,1.3035,0.0000,-0.6264,0.0000,-0.1727,0.0000,0.7514,0.0000,-1.0267,0.0000,0.8460,0.0000
-1.5708,0.0000,-1.5708,0.0000,1.3026,0.0000,-0.6261,0.0000,-0.1736,0.0000,0.7541,0.0000,-1.0218,0.0000,0.8407,0.0000
-1.5708,0.0000,-1.5708,0.0000,1.3026,0.0000,-0.6261,0.0000,-0.1736,0.0000,0.7541,0.0000,-1.0218,0.0000,0.8407,0.0000
-1.5708,0.0000,-1.5708,0.0000,1.3017,0.0000,-0.6258,0.0000,-0.1746,0.0000,0.7567,0.0000,-1.0167,0.0000,0.8355,0.0000
-1.5708,0.0000,-1.5708,0.0000,1.3009,0.0000,-0.6254,0.0000,-0.1756,0.0000,0.7593,0.0000,-1.0117,0.0000,0.8303,0.0000
-1.5708,0.0000,-1.5708,0.0000,1.3000,0.0000,-0.6251,0.0000,-0.1767,0.0000,0.7619,0.0000,-1.0067,0.0000,0.8251,0.0000
-1.5708,0.0000,-1.5708,0.0000,1.2991,0.0000,-0.6247,0.0000,-0.1777,0.0000,0.7645,0.0000,-1.0016,0.0000,0.8199,0.0000
-1.5708,0.0000,-1.5708,0.0000,1.2982,0.0000,-0.6244,0.0000,-0.1787,0.0000,0.7671,0.0000,-0.9966,0.0000,0.8147,0.0000
-1.5708,0.0000,-1.5708,0.0000,1.2973,0.0000,-0.6240,0.0000,-0.1797,0.0000,0.7697,0.0000,-0.9915,0.0000,0.8095,0.0000
-1.5708,0.0000,-1.5708,0.0000,1.2964,0.0000,-0.6237,0.0000,-0.1807,0.0000,0.7723,0.0000,-0.9865,0.0000,0.8044,0.0000
-1.5708,0.0000,-1.5708,0.0000,1.2955,0.0000,-0.6233,0.0000,-0.1818,0.0000,0.7749,0.0000,-0.9814,0.0000,0.7992,0.0000
-1.5708,0.0000,-1.5708,0.0000,1.2947,0.0000,-0.6230,0.0000,-0.1828,0.0000,0.7774,0.0000,-0.9764,0.0000,0.7940,0.0000
-1.5708,0.0000,-1.5708,0.0000,1.2938,0.0000,-0.6226,0.0000,-0.1838,0.0000,0.7800,0.0000,-0.9713,0.0000,0.7888,0.0000
-1.5708,0.0000,-1.5708,0.0000,1.2938,0.0000,-0.6226,0.0000,-0.1838,0.0000,0.7800,0.0000,-0.9713,0.0000,0.7888,0.0000
-1.5708,0.0000,-1.5708,0.0000,1.2929,0.0000,-0.6222,0.0000,-0.1849,0.0000,0.7826,0.0000,-0.9661,0.0000,0.7836,0.0000
-1.5708,0.0000,-1.5708,0.0000,1.2921,0.0000,-0.6218,0.0000,-0.1861,0.0000,0.7852,0.0000,-0.9608,0.0000,0.7784,0.0000
-1.5708,0.0000,-1.5708,0.0000,1.2912,0.0000,-0.6214,0.0000,-0.1872,0.0000,0.7877,0.0000,-0.9556,0.0000,0.7733,0.0000
-1.5708,0.0000,-1.5708,0.0000,1.2903,0.0000,-0.6209,0.0000,-0.1883,0.0000,0.7903,0.0000,-0.9504,0.0000,0.7681,0.0000
-1.5708,0.0000,-1.5708,0.0000,1.2895,0.0000,-0.6205,0.0000,-0.1895,0.0000,0.7928,0.0000,-0.9451,0.0000,0.7629,0.0000
-1.5708,0.0000,-1.5708,0.0000,1.2886,0.0000,-0.6201,0.0000,-0.1906,0.0000,0.7954,0.0000,-0.9399,0.0000,0.7578,0.0000
-1.5708,0.0000,-1.5708,0.0000,1.2878,0.0000,-0.6196,0.0000,-0.1917,0.0000,0.7979,0.0000,-0.9347,0.0000,0.7526,0.0000
-1.5708,0.0000,-1.5708,0.0000,1.2869,0.0000,-0.6192,0.0000,-0.1929,0.0000,0.8005,0.0000,-0.9294,0.0000,0.7474,0.0000
-1.5708,0.0000,-1.5708,0.0000,1.2860,0.0000,-0.6188,0.0000,-0.1940,0.0000,0.8030,0.0000,-0.9242,0.0000,0.7423,0.0000
-1.5708,0.0000,-1.5708,0.0000,1.2852,0.0000,-0.6183,0.0000,-0.1951,0.0000,0.8056,0.0000,-0.9190,0.0000,0.7371,0.0000
-1.5708,0.0000,-1.5708,0.0000,1.2852,0.0000,-0.6183,0.0000,-0.1951,0.0000,0.8056,0.0000,-0.9190,0.0000,0.7371,0.0000
-1.5708,0.0000,-1.5708,0.0000,1.2843,0.0000,-0.6178,0.0000,-0.1964,0.0000,0.8081,0.0000,-0.9135,0.0000,0.7319,0.0000
-1.5708,0.0000,-1.5708,0.0000,1.2835,0.0000,-0.6173,0.0000,-0.1976,0.0000,0.8107,0.0000,-0.9080,0.0000,0.7267,0.0000
-1.5708,0.0000,-1.5708,0.0000,1.2827,0.0000,-0.6168,0.0000,-0.1989,0.0000,0.8132,0.0000,-0.9026,0.0000,0.7215,0.0000
-1.5708,0.0000,-1.5708,0.0000,1.2818,0.0000,-0.6163,0.0000,-0.2001,0.0000,0.8157,0.0000,-0.8971,0.0000,0.7164,0.0000
-1.5708,0.0000,-1.5708,0.0000,1.2810,0.0000,-0.6158,0.0000,-0.2014,0.0000,0.8183,0.0000,-0.8917,0.0000,0.7112,0.0000
-1.5708,0.0000,-1.5708,0.0000,1.2802,0.0000,-0.6153,0.0000,-0.2026,0.0000,0.8208,0.0000,-0.8862,0.0000,0.7060,0.0000
-1.5708,0.0000,-1.5708,0.0000,1.2793,0.0000,-0.6148,0.0000,-0.2038,0.0000,0.8234,0.0000,-0.8808,0.0000,0.7008,0.0000
-1.5708,0.0000,-1.5708,0.0000,1.2785,0.0000,-0.6143,0.0000,-0.2051,0.0000,0.8259,0.0000,-0.8753,0.0000,0.6956,0.0000
-1.5708,0.0000,-1.5708,0.0000,1.2777,0.0000,-0.6137,0.0000,-0.2063,0.0000,0.8284,0.0000,-0.8699,0.0000,0.6905,0.0000
-1.5708,0.0000,-1.5708,0.0000,1.2768,0.0000,-0.6132,0.0000,-0.2076,0.0000,0.8310,0.0000,-0.8644,0.0000,0.6853,0.0000
-1.5708,0.0000,-1.5708,0.0000,1.2768,0.0000,-0.6132,0.0000,-0.2076,0.0000,0.8310,0.0000,-0.8644,0.0000,0.6853,0.0000
-1.5708,0.0000,-1.5708,0.0000,1.2760,0.0000,-0.6126,0.0000,-0.2089,0.0000,0.8335,0.0000,-0.8587,0.0000,0.6800,0.0000
-1.5708,0.0000,-1.5708,0.0000,1.2752,0.0000,-0.6121,0.0000,-0.2103,0.0000,0.8361,0.0000,-0.8530,0.0000,0.6748,0.0000
-1.5708,0.0000,-1.5708,0.0000,1.2744,0.0000,-0.6115,0.0000,-0.2117,0.0000,0.8386,0.0000,-0.8473,0.0000,0.6696,0.0000
-1.5708,0.0000,-1.5708,0.0000,1.2736,0.0000,-0.6109,0.0000,-0.2130,0.0000,0.8411,0.0000,-0.8416,0.0000,0.6643,0.0000
-1.5708,0.0000,-1.5708,0.0000,1.2728,0.0000,-0.6103,0.0000,-0.2144,0.0000,0.8437,0.0000,-0.8359,0.0000,0.6591,0.0000
-1.5708,0.0000,-1.5708,0.0000,1.2720,0.0000,-0.6097,0.0000,-0.2157,0.0000,0.8462,0.0000,-0.8302,0.0000,0.6539,0.0000
-1.5708,0.0000,-1.5708,0.0000,1.2711,0.0000,-0.6091,0.0000,-0.2171,0.0000,0.8488,0.0000,-0.8245,0.0000,0.6487,0.0000
-1.5708,0.0000,-1.5708,0.0000,1.2703,0.0000,-0.6085,0.0000,-0.2185,0.0000,0.8513,0.0000,-0.8188,0.0000,0.6434,0.0000
-1.5708,0.0000,-1.5708,0.0000,1.2695,0.0000,-0.6080,0.0000,-0.2198,0.0000,0.8538,0.0000,-0.8131,0.0000,0.6382,0.0000
-1.5708,0.0000,-1.5708,0.0000,1.2687,0.0000,-0.6074,0.0000,-0.2212,0.0000,0.8564,0.0000,-0.8074,0.0000,0.6330,0.0000
-1.5708,0.0000,-1.5708,0.0000,1.2687,0.0000,-0.6074,0.0000,-0.2212,0.0000,0.8564,0.0000,-0.8074,0.0000,0.6330,0.0000
-1.5708,0.0000,-1.5708,0.0000,1.2679,0.0000,-0.6067,0.0000,-0.2227,0.0000,0.8589,0.0000,-0.8014,0.0000,0.6277,0.0000
-1.5708,0.0000,-1.5708,0.0000,1.2671,0.0000,-0.6060,0.0000,-0.2242,0.0000,0.8615,0.0000,-0.7954,0.0000,0.6223,0.0000
-1.5708,0.0000,-1.5708,0.0000,1.2663,0.0000,-0.6054,0.0000,-0.2256,0.0000,0.8641,0.0000,-0.7894,0.0000,0.6170,0.0000
-1.5708,0.0000,-1.5708,0.0000,1.2655,0.0000,-0.6047,0.0000,-0.2271,0.0000,0.8666,0.0000,-0.7835,0.0000,0.6117,0.0000
-1.5708,0.0000,-1.5708,0.0000,1.2647,0.0000,-0.6041,0.0000,-0.2286,0.0000,0.8692,0.0000,-0.7775,0.0000,0.6064,0.0000
-1.5708,0.0000,-1.5708,0.0000,1.2639,0.0000,-0.6034,0.0000,-0.2301,0.0000,0.8717,0.0000,-0.7715,0.0000,0.6011,0.0000
-1.5708,0.0000,-1.5708,0.0000,1.2632,0.0000,-0.6027,0.0000,-0.2316,0.0000,0.8743,0.0000,-0.7655,0.0000,0.5958,0.0000
-1.5708,0.0000,-1.5708,0.0000,1.2624,0.0000,-0.6021,0.0000,-0.2330,0.0000,0.8768,0.0000,-0.7595,0.0000,0.5905,0.0000
-1.5708,0.0000,-1.5708,0.0000,1.2616,0.0000,-0.6014,0.0000,-0.2345,0.0000,0.8794,0.0000,-0.7535,0.0000,0.5851,0.0000
-1.5708,0.0000,-1.5708,0.0000,1.2608,0.0000,-0.6007,0.0000,-0.2360,0.0000,0.8820,0.0000,-0.7476,0.0000,0.5798,0.0000
-1.5708,0.0000,-1.5708,0.0000,1.2608,0.0000,-0.6007,0.0000,-0.2360,0.0000,0.8820,0.0000,-0.7476,0.0000,0.5798,0.0000
-1.5708,0.0000,-1.5708,0.0000,1.2600,0.0000,-0.6000,0.0000,-0.2376,0.0000,0.8846,0.0000,-0.7413,0.0000,0.5744,0.0000
-1.5708,0.0000,-1.5708,0.0000,1.2592,0.0000,-0.5993,0.0000,-0.2392,0.0000,0.8872,0.0000,-0.7350,0.0000,0.5690,0.0000
-1.5708,0.0000,-1.5708,0.0000,1.2584,0.0000,-0.5985,0.0000,-0.2408,0.0000,0.8897,0.0000,-0.7287,0.0000,0.5635,0.0000
-1.5708,0.0000,-1.5708,0.0000,1.2576,0.0000,-0.5978,0.0000,-0.2424,0.0000,0.8923,0.0000,-0.7224,0.0000,0.5581,0.0000
-1.5708,0.0000,-1.5708,0.0000,1.2569,0.0000,-0.5970,0.0000,-0.2440,0.0000,0.8949,0.0000,-0.7161,0.0000,0.5527,0.0000
-1.5708,0.0000,-1.5708,0.0000,1.2561,0.0000,-0.5963,0.0000,-0.2456,0.0000,0.8975,0.0000,-0.7098,0.0000,0.5472,0.0000
-1.5708,0.0000,-1.5708,0.0000,1.2553,0.0000,-0.5955,0.0000,-0.2472,0.0000,0.9001,0.0000,-0.7034,0.0000,0.5418,0.0000
-1.5708,0.0000,-1.5708,0.0000,1.2545,0.0000,-0.5948,0.0000,-0.2488,0.0000,0.9027,0.0000,-0.6971,0.0000,0.5364,0.0000
-1.5708,0.0000,-1.5708,0.0000,1.2537,0.0000,-0.5941,0.0000,-0.2504,0.0000,0.9053,0.0000,-0.6908,0.0000,0.5309,0.0000
-1.5708,0.0000,-1.5708,0.0000,1.2529,0.0000,-0.5933,0.0000,-0.2520,0.0000,0.9079,0.0000,-0.6845,0.0000,0.5255,0.0000
-1.5708,0.0000,-1.5708,0.0000,1.2529,0.0000,-0.5933,0.0000,-0.2520,0.0000,0.9079,0.0000,-0.6845,0.0000,0.5255,0.0000
-1.5708,0.0000,-1.5708,0.0000,1.2522,0.0000,-0.5925,0.0000,-0.2538,0.0000,0.9105,0.0000,-0.6779,0.0000,0.5199,0.0000
-1.5708,0.0000,-1.5708,0.0000,1.2514,0.0000,-0.5917,0.0000,-0.2555,0.0000,0.9132,0.0000,-0.6712,0.0000,0.5143,0.0000
-1.5708,0.0000,-1.5708,0.0000,1.2506,0.0000,-0.5909,0.0000,-0.2572,0.0000,0.9158,0.0000,-0.6646,0.0000,0.5087,0.0000
-1.5708,0.0000,-1.5708,0.0000,1.2498,0.0000,-0.5900,0.0000,-0.2590,0.0000,0.9184,0.0000,-0.6579,0.0000,0.5031,0.0000
-1.5708,0.0000,-1.5708,0.0000,1.2490,0.0000,-0.5892,0.0000,-0.2607,0.0000,0.9211,0.0000,-0.6512,0.0000,0.4976,0.0000
-1.5708,0.0000,-1.5708,0.0000,1.2482,0.0000,-0.5884,0.0000,-0.2624,0.0000,0.9237,0.0000,-0.6446,0.0000,0.4920,0.0000
-1.5708,0.0000,-1.5708,0.0000,1.2474,0.0000,-0.5876,0.0000,-0.2642,0.0000,0.9263,0.0000,-0.6379,0.0000,0.4864,0.0000
-1.5708,0.0000,-1.5708,0.0000,1.2467,0.0000,-0.5867,0.0000,-0.2659,0.0000,0.9290,0.0000,-0.6312,0.0000,0.4808,0.0000
-1.5708,0.0000,-1.5708,0.0000,1.2459,0.0000,-0.5859,0.0000,-0.2676,0.0000,0.9316,0.0000,-0.6246,0.0000,0.4752,0.0000
-1.5708,0.0000,-1.5708,0.0000,1.2451,0.0000,-0.5851,0.0000,-0.2694,0.0000,0.9343,0.0000,-0.6179,0.0000,0.4696,0.0000
-1.5708,0.0000,-1.5708,0.0000,1.2451,0.0000,-0.5851,0.0000,-0.2694,0.0000,0.9343,0.0000,-0.6179,0.0000,0.4696,0.0000
-1.5708,0.0000,-1.5708,0.0000,1.2443,0.0000,-0.5842,0.0000,-0.2712,0.0000,0.9369,0.0000,-0.6108,0.0000,0.4638,0.0000
-1.5708,0.0000,-1.5708,0.0000,1.2435,0.0000,-0.5833,0.0000,-0.2731,0.0000,0.9396,0.0000,-0.6038,0.0000,0.4580,0.0000
-1.5708,0.0000,-1.5708,0.0000,1.2427,0.0000,-0.5823,0.0000,-0.2749,0.0000,0.9423,0.0000,-0.5967,0.0000,0.4523,0.0000
-1.5708,0.0000,-1.5708,0.0000,1.2419,0.0000,-0.5814,0.0000,-0.2768,0.0000,0.9450,0.0000,-0.5896,0.0000,0.4465,0.0000
-1.5708,0.0000,-1.5708,0.0000,1.2411,0.0000,-0.5805,0.0000,-0.2786,0.0000,0.9477,0.0000,-0.5826,0.0000,0.4407,0.0000
-1.5708,0.0000,-1.5708,0.0000,1.2402,0.0000,-0.5796,0.0000,-0.2805,0.0000,0.9504,0.0000,-0.5755,0.0000,0.4349,0.0000
-1.5708,0.0000,-1.5708,0.0000,1.2394,0.0000,-0.5787,0.0000,-0.2824,0.0000,0.9530,0.0000,-0.5684,0.0000,0.4291,0.0000
-1.5708,0.0000,-1.5708,0.0000,1.2386,0.0000,-0.5778,0.0000,-0.2842,0.0000,0.9557,0.0000,-0.5614,0.0000,0.4234,0.0000
-1.5708,0.0000,-1.5708,0.0000,1.2378,0.0000,-0.5768,0.0000,-0.2861,0.0000,0.9584,0.0000,-0.5543,0.0000,0.4176,0.0000
-1.5708,0.0000,-1.5708,0.0000,1.2370,0.0000,-0.5759,0.0000,-0.2879,0.0000,0.9611,0.0000,-0.5472,0.0000,0.4118,0.0000
-1.5708,0.0000,-1.5708,0.0000,1.2370,0.0000,-0.5759,0.0000,-0.2879,0.0000,0.9611,0.0000,-0.5472,0.0000,0.4118,0.0000
-1.5708,0.0000,-1.5708,0.0000,1.2362,0.0000,-0.5749,0.0000,-0.2899,0.0000,0.9638,0.0000,-0.5397,0.0000,0.4058,0.0000
-1.5708,0.0000,-1.5708,0.0000,1.2353,0.0000,-0.5739,0.0000,-0.2919,0.0000,0.9665,0.0000,-0.5321,0.0000,0.3998,0.0000
-1.5708,0.0000,-1.5708,0.0000,1.2345,0.0000,-0.5729,0.0000,-0.2939,0.0000,0.9693,0.0000,-0.5246,0.0000,0.3937,0.0000
-1.5708,0.0000,-1.5708,0.0000,1.2336,0.0000,-0.5719,0.0000,-0.2959,0.0000,0.9720,0.0000,-0.5171,0.0000,0.3877,0.0000
-1.5708,0.0000,-1.5708,0.0000,1.2327,0.0000,-0.5708,0.0000,-0.2979,0.0000,0.9747,0.0000,-0.5095,0.0000,0.3817,0.0000
-1.5708,0.0000,-1.5708,0.0000,1.2319,0.0000,-0.5698,0.0000,-0.2998,0.0000,0.9775,0.0000,-0.5020,0.0000,0.3757,0.0000
-1.5708,0.0000,-1.5708,0.0000,1.2310,0.0000,-0.5688,0.0000,-0.3018,0.0000,0.9802,0.0000,-0.4945,0.0000,0.3697,0.0000
-1.5708,0.0000,-1.5708,0.0000,1.2302,0.0000,-0.5678,0.0000,-0.3038,0.0000,0.9829,0.0000,-0.4869,0.0000,0.3637,0.0000
-1.5708,0.0000,-1.5708,0.0000,1.2293,0.0000,-0.5668,0.0000,-0.3058,0.0000,0.9857,0.0000,-0.4794,0.0000,0.3576,0.0000
-1.5708,0.0000,-1.5708,0.0000,1.2285,0.0000,-0.5658,0.0000,-0.3078,0.0000,0.9884,0.0000,-0.4719,0.0000,0.3516,0.0000
-1.5708,0.0000,-1.5708,0.0000,1.2285,0.0000,-0.5658,0.0000,-0.3078,0.0000,0.9884,0.0000,-0.4719,0.0000,0.3516,0.0000
-1.5708,0.0000,-1.5708,0.0000,1.2275,0.0000,-0.5646,0.0000,-0.3099,0.0000,0.9911,0.0000,-0.4638,0.0000,0.3453,0.0000
-1.5708,0.0000,-1.5708,0.0000,1.2266,0.0000,-0.5635,0.0000,-0.3120,0.0000,0.9939,0.0000,-0.4558,0.0000,0.3390,0.0000
-1.5708,0.0000,-1.5708,0.0000,1.2256,0.0000,-0.5623,0.0000,-0.3141,0.0000,0.9967,0.0000,-0.4477,0.0000,0.3327,0.0000
-1.5708,0.0000,-1.5708,0.0000,1.2247,0.0000,-0.5612,0.0000,-0.3162,0.0000,0.9994,0.0000,-0.4396,0.0000,0.3265,0.0000
-1.5708,0.0000,-1.5708,0.0000,1.2238,0.0000,-0.5601,0.0000,-0.3183,0.0000,1.0022,0.0000,-0.4316,0.0000,0.3202,0.0000
-1.5708,0.0000,-1.5708,0.0000,1.2228,0.0000,-0.5589,0.0000,-0.3204,0.0000,1.0049,0.0000,-0.4235,0.0000,0.3139,0.0000
-1.5708,0.0000,-1.5708,0.0000,1.2219,0.0000,-0.5578,0.0000,-0.3225,0.0000,1.0077,0.0000,-0.4155,0.0000,0.3076,0.0000
-1.5708,0.0000,-1.5708,0.0000,1.2210,0.0000,-0.5567,0.0000,-0.3246,0.0000,1.0105,0.0000,-0.4074,0.0000,0.3013,0.0000
-1.5708,0.0000,-1.5708,0.0000,1.2200,0.0000,-0.5555,0.0000,-0.3267,0.0000,1.0132,0.0000,-0.3994,0.0000,0.2950,0.0000
-1.5708,0.0000,-1.5708,0.0000,1.2191,0.0000,-0.5544,0.0000,-0.3288,0.0000,1.0160,0.0000,-0.3913,0.0000,0.2887,0.0000
-1.5708,0.0000,-1.5708,0.0000,1.2191,0.0000,-0.5544,0.0000,-0.3288,0.0000,1.0160,0.0000,-0.3913,0.0000,0.2887,0.0000
-1.5708,0.0000,-1.5708,0.0000,1.2180,0.0000,-0.5531,0.0000,-0.3311,0.0000,1.0188,0.0000,-0.3826,0.0000,0.2821,0.0000
-1.5708,0.0000,-1.5708,0.0000,1.2169,0.0000,-0.5518,0.0000,-0.3333,0.0000,1.0215,0.0000,-0.3740,0.0000,0.2755,0.0000
-1.5708,0.0000,-1.5708,0.0000,1.2159,0.0000,-0.5505,0.0000,-0.3355,0.0000,1.0243,0.0000,-0.3653,0.0000,0.2689,0.0000
-1.5708,0.0000,-1.5708,0.0000,1.2148,0.0000,-0.5493,0.0000,-0.3377,0.0000,1.0271,0.0000,-0.3567,0.0000,0.2622,0.0000
-1.5708,0.0000,-1.5708,0.0000,1.2137,0.0000,-0.5480,0.0000,-0.3399,0.0000,1.0298,0.0000,-0.3480,0.0000,0.2556,0.0000
-1.5708,0.0000,-1.5708,0.0000,1.2126,0.0000,-0.5467,0.0000,-0.3421,0.0000,1.0326,0.0000,-0.3394,0.0000,0.2490,0.0000
-1.5708,0.0000,-1.5708,0.0000,1.2116,0.0000,-0.5454,0.0000,-0.3443,0.0000,1.0354,0.0000,-0.3307,0.0000,0.2424,0.0000
-1.5708,0.0000,-1.5708,0.0000,1.2105,0.0000,-0.5441,0.0000,-0.3466,0.0000,1.0381,0.0000,-0.3221,0.0000,0.2358,0.0000
-1.5708,0.0000,-1.5708,0.0000,1.2094,0.0000,-0.5429,0.0000,-0.3488,0.0000,1.0409,0.0000,-0.3134,0.0000,0.2292,0.0000
-1.5708,0.0000,-1.5708,0.0000,1.2083,0.0000,-0.5416,0.0000,-0.3510,0.0000,1.0437,0.0000,-0.3047,0.0000,0.2226,0.0000
-1.5708,0.0000,-1.5708,0.0000,1.2083,0.0000,-0.5416,0.0000,-0.3510,0.0000,1.0437,0.0000,-0.3047,0.0000,0.2226,0.0000
-1.5708,0.0000,-1.5708,0.0000,1.2071,0.0000,-0.5401,0.0000,-0.3533,0.0000,1.0464,0.0000,-0.2954,0.0000,0.2156,0.0000
-1.5708,0.0000,-1.5708,0.0000,1.2058,0.0000,-0.5387,0.0000,-0.3556,0.0000,1.0491,0.0000,-0.2861,0.0000,0.2086,0.0000
-1.5708,0.0000,-1.5708,0.0000,1.2045,0.0000,-0.5372,0.0000,-0.3579,0.0000,1.0519,0.0000,-0.2767,0.0000,0.2016,0.0000
-1.5708,0.0000,-1.5708,0.0000,1.2032,0.0000,-0.5358,0.0000,-0.3602,0.0000,1.0546,0.0000,-0.2674,0.0000,0.1946,0.0000
-1.5708,0.0000,-1.5708,0.0000,1.2020,0.0000,-0.5343,0.0000,-0.3625,0.0000,1.0573,0.0000,-0.2581,0.0000,0.1877,0.0000
-1.5708,0.0000,-1.5708,0.0000,1.2007,0.0000,-0.5329,0.0000,-0.3648,0.0000,1.0600,0.0000,-0.2487,0.0000,0.1807,0.0000
-1.5708,0.0000,-1.5708,0.0000,1.1994,0.0000,-0.5314,0.0000,-0.3671,0.0000,1.0628,0.0000,-0.2394,0.0000,0.1737,0.0000
-1.5708,0.0000,-1.5708,0.0000,1.1981,0.0000,-0.5300,0.0000,-0.3694,0.0000,1.0655,0.0000,-0.2300,0.0000,0.1667,0.0000
-1.5708,0.0000,-1.5708,0.0000,1.1969,0.0000,-0.5285,0.0000,-0.3718,0.0000,1.0682,0.0000,-0.2207,0.0000,0.1597,0.0000
-1.5708,0.0000,-1.5708,0.0000,1.1956,0.0000,-0.5270,0.0000,-0.3741,0.0000,1.0710,0.0000,-0.2114,0.0000,0.1527,0.0000
-1.5708,0.0000,-1.5708,0.0000,1.1956,0.0000,-0.5270,0.0000,-0.3741,0.0000,1.0710,0.0000,-0.2114,0.0000,0.1527,0.0000
-1.5708,0.0000,-1.5708,0.0000,1.1940,0.0000,-0.5254,0.0000,-0.3764,0.0000,1.0736,0.0000,-0.2012,0.0000,0.1453,0.0000
-1.5708,0.0000,-1.5708,0.0000,1.1924,0.0000,-0.5237,0.0000,-0.3788,0.0000,1.0762,0.0000,-0.1911,0.0000,0.1379,0.0000
-1.5708,0.0000,-1.5708,0.0000,1.1909,0.0000,-0.5220,0.0000,-0.3811,0.0000,1.0788,0.0000,-0.1810,0.0000,0.1305,0.0000
-1.5708,0.0000,-1.5708,0.0000,1.1893,0.0000,-0.5204,0.0000,-0.3835,0.0000,1.0814,0.0000,-0.1709,0.0000,0.1231,0.0000
-1.5708,0.0000,-1.5708,0.0000,1.1877,0.0000,-0.5187,0.0000,-0.3859,0.0000,1.0840,0.0000,-0.1608,0.0000,0.1157,0.0000
-1.5708,0.0000,-1.5708,0.0000,1.1861,0.0000,-0.5170,0.0000,-0.3882,0.0000,1.0866,0.0000,-0.1506,0.0000,0.1083,0.0000
-1.5708,0.0000,-1.5708,0.0000,1.1846,0.0000,-0.5154,0.0000,-0.3906,0.0000,1.0892,0.0000,-0.1405,0.0000,0.1009,0.0000
-1.5708,0.0000,-1.5708,0.0000,1.1830,0.0000,-0.5137,0.0000,-0.3929,0.0000,1.0918,0.0000,-0.1304,0.0000,0.0935,0.0000
-1.5708,0.0000,-1.5708,0.0000,1.1814,0.0000,-0.5120,0.0000,-0.3953,0.0000,1.0945,0.0000,-0.1203,0.0000,0.0861,0.0000
-1.5708,0.0000,-1.5708,0.0000,1.1798,0.0000,-0.5104,0.0000,-0.3977,0.0000,1.0971,0.0000,-0.1102,0.0000,0.0787,0.0000
-1.5708,0.0000,-1.5708,0.0000,1.1798,0.0000,-0.5104,0.0000,-0.3977,0.0000,1.0971,0.0000,-0.1102,0.0000,0.0787,0.0000
-1.5708,0.0000,-1.5708,0.0000,1.1778,0.0000,-0.5084,0.0000,-0.4000,0.0000,1.0994,0.0000,-0.0992,0.0000,0.0709,0.0000
-1.5708,0.0000,-1.5708,0.0000,1.1758,0.0000,-0.5065,0.0000,-0.4024,0.0000,1.1018,0.0000,-0.0881,0.0000,0.0630,0.0000
-1.5708,0.0000,-1.5708,0.0000,1.1738,0.0000,-0.5046,0.0000,-0.4047,0.0000,1.1042,0.0000,-0.0771,0.0000,0.0551,0.0000
-1.5708,0.0000,-1.5708,0.0000,1.1718,0.0000,-0.5026,0.0000,-0.4071,0.0000,1.1066,0.0000,-0.0661,0.0000,0.0472,0.0000
-1.5708,0.0000,-1.5708,0.0000,1.1698,0.0000,-0.5007,0.0000,-0.4094,0.0000,1.1089,0.0000,-0.0551,0.0000,0.0394,0.0000
-1.5708,0.0000,-1.5708,0.0000,1.1678,0.0000,-0.4988,0.0000,-0.4118,0.0000,1.1113,0.0000,-0.0441,0.0000,0.0315,0.0000
-1.5708,0.0000,-1.5708,0.0000,1.1658,0.0000,-0.4968,0.0000,-0.4141,0.0000,1.1137,0.0000,-0.0331,0.0000,0.0236,0.0000
-1.5708,0.0000,-1.5708,0.0000,1.1638,0.0000,-0.4949,0.0000,-0.4165,0.0000,1.1160,0.0000,-0.0220,0.0000,0.0157,0.0000
-1.5708,0.0000,-1.5708,0.0000,1.1618,0.0000,-0.4929,0.0000,-0.4188,0.0000,1.1184,0.0000,-0.0110,0.0000,0.0079,0.0000
-1.5708,0.0000,-1.5708,0.0000,1.1598,0.0000,-0.4910,0.0000,-0.4212,0.0000,1.1208,0.0000,0.0000,0.0000,-0.0000,0.0000
